,0,1,2
/media/jahaziel/Datos/proyectos/Smarketing/dataset/YouTubeVideos/The_Feeling_Of_Winning_A_World_Chess_Championship/frames/second0_frame14.jpg,9.2648561390513e-310,1.0,9.4718368513553e-310
/media/jahaziel/Datos/proyectos/Smarketing/dataset/YouTubeVideos/The_Feeling_Of_Winning_A_World_Chess_Championship/frames/second0_frame21.jpg,9.31358204117993e-310,1.0,9.51587525205863e-310
/media/jahaziel/Datos/proyectos/Smarketing/dataset/YouTubeVideos/The_Feeling_Of_Winning_A_World_Chess_Championship/frames/second0_frame29.jpg,9.5056097815124e-310,1.0,9.69859235108065e-310
/media/jahaziel/Datos/proyectos/Smarketing/dataset/YouTubeVideos/The_Feeling_Of_Winning_A_World_Chess_Championship/frames/second0_frame7.jpg,9.1456488022266e-310,1.0,9.35409719200757e-310
/media/jahaziel/Datos/proyectos/Smarketing/dataset/YouTubeVideos/The_Feeling_Of_Winning_A_World_Chess_Championship/frames/second10_frame307.jpg,0.03518385888873621,0.882402739570664,0.03795442364985454
/media/jahaziel/Datos/proyectos/Smarketing/dataset/YouTubeVideos/The_Feeling_Of_Winning_A_World_Chess_Championship/frames/second10_frame314.jpg,0.037333517729702816,0.836317499047927,0.04041819810994213
/media/jahaziel/Datos/proyectos/Smarketing/dataset/YouTubeVideos/The_Feeling_Of_Winning_A_World_Chess_Championship/frames/second10_frame321.jpg,0.030116780932396663,0.9326967705199917,0.032104924832379395
/media/jahaziel/Datos/proyectos/Smarketing/dataset/YouTubeVideos/The_Feeling_Of_Winning_A_World_Chess_Championship/frames/second10_frame329.jpg,0.03655325830518989,0.818059733880519,0.039484400764044546
/media/jahaziel/Datos/proyectos/Smarketing/dataset/YouTubeVideos/The_Feeling_Of_Winning_A_World_Chess_Championship/frames/second11_frame337.jpg,0.04159956913384595,0.7433720657088156,0.045477046750899364
/media/jahaziel/Datos/proyectos/Smarketing/dataset/YouTubeVideos/The_Feeling_Of_Winning_A_World_Chess_Championship/frames/second11_frame344.jpg,0.042899608006314024,0.7112975296200272,0.047054256399693184
/media/jahaziel/Datos/proyectos/Smarketing/dataset/YouTubeVideos/The_Feeling_Of_Winning_A_World_Chess_Championship/frames/second11_frame351.jpg,0.04112618915926851,0.7443166991171053,0.04489570166830012
/media/jahaziel/Datos/proyectos/Smarketing/dataset/YouTubeVideos/The_Feeling_Of_Winning_A_World_Chess_Championship/frames/second11_frame359.jpg,0.044394968929879444,0.6872323470297224,0.048905169324779486
/media/jahaziel/Datos/proyectos/Smarketing/dataset/YouTubeVideos/The_Feeling_Of_Winning_A_World_Chess_Championship/frames/second12_frame367.jpg,0.03345795955415747,0.8363070326982226,0.035740647990519944
/media/jahaziel/Datos/proyectos/Smarketing/dataset/YouTubeVideos/The_Feeling_Of_Winning_A_World_Chess_Championship/frames/second12_frame374.jpg,0.03742650552024024,0.7678096847365763,0.04021704643339094
/media/jahaziel/Datos/proyectos/Smarketing/dataset/YouTubeVideos/The_Feeling_Of_Winning_A_World_Chess_Championship/frames/second12_frame381.jpg,0.039602976851926305,0.7653567602103124,0.04247144787013291
/media/jahaziel/Datos/proyectos/Smarketing/dataset/YouTubeVideos/The_Feeling_Of_Winning_A_World_Chess_Championship/frames/second12_frame389.jpg,0.03739163992297609,0.7736997522191466,0.040141787766079025
/media/jahaziel/Datos/proyectos/Smarketing/dataset/YouTubeVideos/The_Feeling_Of_Winning_A_World_Chess_Championship/frames/second4_frame134.jpg,0.0024407183252633585,0.9732000161971377,0.00249070382660992
/media/jahaziel/Datos/proyectos/Smarketing/dataset/YouTubeVideos/The_Feeling_Of_Winning_A_World_Chess_Championship/frames/second4_frame141.jpg,9.51994326095525e-310,1.0,9.7382759372608e-310
/media/jahaziel/Datos/proyectos/Smarketing/dataset/YouTubeVideos/The_Feeling_Of_Winning_A_World_Chess_Championship/frames/second4_frame149.jpg,0.009475175884645616,0.9477110883089555,0.00972230993328331
/media/jahaziel/Datos/proyectos/Smarketing/dataset/YouTubeVideos/The_Feeling_Of_Winning_A_World_Chess_Championship/frames/second50_frame1507.jpg,8.4317150987376e-310,9.10231176645377e-310,1.0
/media/jahaziel/Datos/proyectos/Smarketing/dataset/YouTubeVideos/The_Feeling_Of_Winning_A_World_Chess_Championship/frames/second50_frame1514.jpg,0.004106294524512822,0.004415353250685132,0.991478352224802
/media/jahaziel/Datos/proyectos/Smarketing/dataset/YouTubeVideos/The_Feeling_Of_Winning_A_World_Chess_Championship/frames/second50_frame1521.jpg,8.46523187551684e-310,9.13733652984406e-310,1.0
/media/jahaziel/Datos/proyectos/Smarketing/dataset/YouTubeVideos/The_Feeling_Of_Winning_A_World_Chess_Championship/frames/second50_frame1529.jpg,0.0018550660295006479,0.0020006026019233803,0.9961443313685759
/media/jahaziel/Datos/proyectos/Smarketing/dataset/YouTubeVideos/The_Feeling_Of_Winning_A_World_Chess_Championship/frames/second51_frame1537.jpg,0.024783937731602562,0.02626649399928606,0.9489495682691114
/media/jahaziel/Datos/proyectos/Smarketing/dataset/YouTubeVideos/The_Feeling_Of_Winning_A_World_Chess_Championship/frames/second51_frame1544.jpg,0.02258095749610851,0.023869247530142006,0.9418138052338735
/media/jahaziel/Datos/proyectos/Smarketing/dataset/YouTubeVideos/The_Feeling_Of_Winning_A_World_Chess_Championship/frames/second51_frame1551.jpg,0.013905524806337118,0.014829536762038005,0.9712649384316249
/media/jahaziel/Datos/proyectos/Smarketing/dataset/YouTubeVideos/The_Feeling_Of_Winning_A_World_Chess_Championship/frames/second51_frame1559.jpg,0.015991441063193494,0.017020339915825706,0.9669882190209809
/media/jahaziel/Datos/proyectos/Smarketing/dataset/YouTubeVideos/The_Feeling_Of_Winning_A_World_Chess_Championship/frames/second52_frame1567.jpg,8.77916593057953e-310,9.4877118628361e-310,1.0
/media/jahaziel/Datos/proyectos/Smarketing/dataset/YouTubeVideos/The_Feeling_Of_Winning_A_World_Chess_Championship/frames/second52_frame1574.jpg,8.7695051466123e-310,9.53825883588757e-310,1.0
/media/jahaziel/Datos/proyectos/Smarketing/dataset/YouTubeVideos/The_Feeling_Of_Winning_A_World_Chess_Championship/frames/second52_frame1581.jpg,8.8384770863941e-310,9.57980912784574e-310,1.0
/media/jahaziel/Datos/proyectos/Smarketing/dataset/YouTubeVideos/The_Feeling_Of_Winning_A_World_Chess_Championship/frames/second52_frame1589.jpg,8.8176091684942e-310,9.5198074423874e-310,1.0
/media/jahaziel/Datos/proyectos/Smarketing/dataset/YouTubeVideos/The_Feeling_Of_Winning_A_World_Chess_Championship/frames/second13_frame404.jpg,0.03333545289369639,0.0640116882889373,0.038211287738746595
/media/jahaziel/Datos/proyectos/Smarketing/dataset/YouTubeVideos/The_Feeling_Of_Winning_A_World_Chess_Championship/frames/second13_frame411.jpg,0.033149800620779546,0.0634264609339942,0.03803249664005125
/media/jahaziel/Datos/proyectos/Smarketing/dataset/YouTubeVideos/The_Feeling_Of_Winning_A_World_Chess_Championship/frames/second13_frame419.jpg,0.033211375042382654,0.06361993866993454,0.0380918704934387
/media/jahaziel/Datos/proyectos/Smarketing/dataset/YouTubeVideos/The_Feeling_Of_Winning_A_World_Chess_Championship/frames/second14_frame427.jpg,0.03379833728066862,0.06548391400409119,0.03865191892760654
/media/jahaziel/Datos/proyectos/Smarketing/dataset/YouTubeVideos/The_Feeling_Of_Winning_A_World_Chess_Championship/frames/second14_frame434.jpg,0.03352799152806139,0.06462181236747869,0.03839502587850754
/media/jahaziel/Datos/proyectos/Smarketing/dataset/YouTubeVideos/The_Feeling_Of_Winning_A_World_Chess_Championship/frames/second14_frame441.jpg,0.03389761472091353,0.0658026223043404,0.03874525656420573
/media/jahaziel/Datos/proyectos/Smarketing/dataset/YouTubeVideos/The_Feeling_Of_Winning_A_World_Chess_Championship/frames/second14_frame449.jpg,0.03332715062732415,0.06398587811056762,0.038202982652451103
/media/jahaziel/Datos/proyectos/Smarketing/dataset/YouTubeVideos/The_Feeling_Of_Winning_A_World_Chess_Championship/frames/second15_frame457.jpg,0.0338137968738718,0.06553368831624624,0.0386670658353287
/media/jahaziel/Datos/proyectos/Smarketing/dataset/YouTubeVideos/The_Feeling_Of_Winning_A_World_Chess_Championship/frames/second15_frame464.jpg,0.03395213578964307,0.06597860215980728,0.038798485300336166
/media/jahaziel/Datos/proyectos/Smarketing/dataset/YouTubeVideos/The_Feeling_Of_Winning_A_World_Chess_Championship/frames/second15_frame471.jpg,0.03389958816085299,0.06580884132741005,0.03874794748612514
/media/jahaziel/Datos/proyectos/Smarketing/dataset/YouTubeVideos/The_Feeling_Of_Winning_A_World_Chess_Championship/frames/second15_frame479.jpg,0.033794288243624224,0.06547129800241239,0.0386488754505494
/media/jahaziel/Datos/proyectos/Smarketing/dataset/YouTubeVideos/The_Feeling_Of_Winning_A_World_Chess_Championship/frames/second16_frame487.jpg,0.03327722724705102,0.06383047420790212,0.038156262174742245
/media/jahaziel/Datos/proyectos/Smarketing/dataset/YouTubeVideos/The_Feeling_Of_Winning_A_World_Chess_Championship/frames/second16_frame494.jpg,0.033281037261047204,0.06384071481067244,0.038159086044159504
/media/jahaziel/Datos/proyectos/Smarketing/dataset/YouTubeVideos/The_Feeling_Of_Winning_A_World_Chess_Championship/frames/second16_frame501.jpg,0.0569419379018587,0.2875606699242906,0.06569686204030571
/media/jahaziel/Datos/proyectos/Smarketing/dataset/YouTubeVideos/The_Feeling_Of_Winning_A_World_Chess_Championship/frames/second16_frame509.jpg,0.05643010057148707,0.2806703697161705,0.06594524940944373
/media/jahaziel/Datos/proyectos/Smarketing/dataset/YouTubeVideos/The_Feeling_Of_Winning_A_World_Chess_Championship/frames/second17_frame524.jpg,0.056393487921360376,0.2784128532968719,0.06633149919879827
/media/jahaziel/Datos/proyectos/Smarketing/dataset/YouTubeVideos/The_Feeling_Of_Winning_A_World_Chess_Championship/frames/second17_frame531.jpg,0.05639205558522671,0.2766465162971419,0.0660103067038773
/media/jahaziel/Datos/proyectos/Smarketing/dataset/YouTubeVideos/The_Feeling_Of_Winning_A_World_Chess_Championship/frames/second17_frame539.jpg,0.056854467802612565,0.28650219566650814,0.06641497905363579
/media/jahaziel/Datos/proyectos/Smarketing/dataset/YouTubeVideos/The_Feeling_Of_Winning_A_World_Chess_Championship/frames/second18_frame547.jpg,0.05656495268608242,0.28095376640859165,0.06587613836142774
/media/jahaziel/Datos/proyectos/Smarketing/dataset/YouTubeVideos/The_Feeling_Of_Winning_A_World_Chess_Championship/frames/second18_frame554.jpg,0.056414812580647095,0.2799474705813719,0.06570460224376781
/media/jahaziel/Datos/proyectos/Smarketing/dataset/YouTubeVideos/The_Feeling_Of_Winning_A_World_Chess_Championship/frames/second18_frame561.jpg,0.05670721796216148,0.29037459748922495,0.0655763293233269
/media/jahaziel/Datos/proyectos/Smarketing/dataset/YouTubeVideos/The_Feeling_Of_Winning_A_World_Chess_Championship/frames/second18_frame569.jpg,0.056341623904965735,0.2781567937514672,0.06532003136025188
/media/jahaziel/Datos/proyectos/Smarketing/dataset/YouTubeVideos/The_Feeling_Of_Winning_A_World_Chess_Championship/frames/second19_frame577.jpg,0.056247296125862385,0.27114025484219556,0.0660911723591602
/media/jahaziel/Datos/proyectos/Smarketing/dataset/YouTubeVideos/The_Feeling_Of_Winning_A_World_Chess_Championship/frames/second19_frame584.jpg,0.05617687664954869,0.26679010736096276,0.06609400605126318
/media/jahaziel/Datos/proyectos/Smarketing/dataset/YouTubeVideos/The_Feeling_Of_Winning_A_World_Chess_Championship/frames/second19_frame591.jpg,0.05614609924759483,0.2694565097505896,0.06610481351430036
/media/jahaziel/Datos/proyectos/Smarketing/dataset/YouTubeVideos/The_Feeling_Of_Winning_A_World_Chess_Championship/frames/second19_frame599.jpg,0.05625654457874637,0.2727014324676333,0.065999051404104
/media/jahaziel/Datos/proyectos/Smarketing/dataset/YouTubeVideos/The_Feeling_Of_Winning_A_World_Chess_Championship/frames/second1_frame37.jpg,9.4461244841711e-310,1.0,1.00235353492662e-309
/media/jahaziel/Datos/proyectos/Smarketing/dataset/YouTubeVideos/The_Feeling_Of_Winning_A_World_Chess_Championship/frames/second1_frame44.jpg,0.00787921703993604,0.9721974506548171,0.008128678698103046
/media/jahaziel/Datos/proyectos/Smarketing/dataset/YouTubeVideos/The_Feeling_Of_Winning_A_World_Chess_Championship/frames/second1_frame51.jpg,9.43397335696614e-310,1.0,9.89267896684354e-310
/media/jahaziel/Datos/proyectos/Smarketing/dataset/YouTubeVideos/The_Feeling_Of_Winning_A_World_Chess_Championship/frames/second1_frame59.jpg,9.4231078294341e-310,1.0,9.990865374421e-310
/media/jahaziel/Datos/proyectos/Smarketing/dataset/YouTubeVideos/The_Feeling_Of_Winning_A_World_Chess_Championship/frames/second13_frame397.jpg,0.037280164314288745,0.7778591486758764,0.04023595199948397
/media/jahaziel/Datos/proyectos/Smarketing/dataset/YouTubeVideos/The_Feeling_Of_Winning_A_World_Chess_Championship/frames/second17_frame517.jpg,0.056232491947933186,0.28144912761002266,0.0657828051942352
/media/jahaziel/Datos/proyectos/Smarketing/dataset/YouTubeVideos/The_Feeling_Of_Winning_A_World_Chess_Championship/frames/second20_frame607.jpg,0.05343260463141951,0.8392505719369578,0.05606941091585239
/media/jahaziel/Datos/proyectos/Smarketing/dataset/YouTubeVideos/The_Feeling_Of_Winning_A_World_Chess_Championship/frames/second24_frame727.jpg,0.03167614836290165,0.04801599278855237,0.03570809505017419
/media/jahaziel/Datos/proyectos/Smarketing/dataset/YouTubeVideos/The_Feeling_Of_Winning_A_World_Chess_Championship/frames/second28_frame847.jpg,0.08046103159948483,0.820574705294762,0.08371390324054548
/media/jahaziel/Datos/proyectos/Smarketing/dataset/YouTubeVideos/The_Feeling_Of_Winning_A_World_Chess_Championship/frames/second31_frame937.jpg,0.09554337445376888,0.7921115169860876,0.0970947486949358
/media/jahaziel/Datos/proyectos/Smarketing/dataset/YouTubeVideos/The_Feeling_Of_Winning_A_World_Chess_Championship/frames/second35_frame1057.jpg,0.03557866325985827,0.032480506348748196,0.9319408303913935
/media/jahaziel/Datos/proyectos/Smarketing/dataset/YouTubeVideos/The_Feeling_Of_Winning_A_World_Chess_Championship/frames/second39_frame1177.jpg,8.67923681572536e-310,8.3029574939989e-310,1.0
/media/jahaziel/Datos/proyectos/Smarketing/dataset/YouTubeVideos/The_Feeling_Of_Winning_A_World_Chess_Championship/frames/second42_frame1267.jpg,8.4411810172577e-310,8.21539123989017e-310,1.0
/media/jahaziel/Datos/proyectos/Smarketing/dataset/YouTubeVideos/The_Feeling_Of_Winning_A_World_Chess_Championship/frames/second4_frame127.jpg,0.004058135809262098,0.947717427559823,0.004159595583893167
/media/jahaziel/Datos/proyectos/Smarketing/dataset/YouTubeVideos/The_Feeling_Of_Winning_A_World_Chess_Championship/frames/second53_frame1597.jpg,8.75651566359787e-310,9.4280634766975e-310,1.0
/media/jahaziel/Datos/proyectos/Smarketing/dataset/YouTubeVideos/The_Feeling_Of_Winning_A_World_Chess_Championship/frames/second57_frame1717.jpg,8.80453598503897e-310,9.7622356520642e-310,1.0
/media/jahaziel/Datos/proyectos/Smarketing/dataset/YouTubeVideos/The_Feeling_Of_Winning_A_World_Chess_Championship/frames/second60_frame1807.jpg,0.006751131156306337,0.007669169968342876,0.9855796988753508
/media/jahaziel/Datos/proyectos/Smarketing/dataset/YouTubeVideos/The_Feeling_Of_Winning_A_World_Chess_Championship/frames/second64_frame1927.jpg,0.04103308557908932,0.047273232563403364,0.5906806918397252
/media/jahaziel/Datos/proyectos/Smarketing/dataset/YouTubeVideos/The_Feeling_Of_Winning_A_World_Chess_Championship/frames/second6_frame187.jpg,0.014723403739467547,0.8876398979985268,0.015157325257012796
/media/jahaziel/Datos/proyectos/Smarketing/dataset/YouTubeVideos/The_Feeling_Of_Winning_A_World_Chess_Championship/frames/second73_frame2197.jpg,1.0,9.76318660839827e-310,8.77044812420388e-310
/media/jahaziel/Datos/proyectos/Smarketing/dataset/YouTubeVideos/The_Feeling_Of_Winning_A_World_Chess_Championship/frames/second77_frame2317.jpg,1.0,9.5224753980696e-310,8.73355374951457e-310
/media/jahaziel/Datos/proyectos/Smarketing/dataset/YouTubeVideos/The_Feeling_Of_Winning_A_World_Chess_Championship/frames/second80_frame2407.jpg,0.8963669672806636,0.016883825211209107,0.015950790070013973
/media/jahaziel/Datos/proyectos/Smarketing/dataset/YouTubeVideos/The_Feeling_Of_Winning_A_World_Chess_Championship/frames/second84_frame2527.jpg,0.8186850181474586,0.05549641361479686,0.0588761045270317
/media/jahaziel/Datos/proyectos/Smarketing/dataset/YouTubeVideos/The_Feeling_Of_Winning_A_World_Chess_Championship/frames/second88_frame2647.jpg,0.5436311219621791,0.06431286265945083,0.0720877783087788
/media/jahaziel/Datos/proyectos/Smarketing/dataset/YouTubeVideos/The_Feeling_Of_Winning_A_World_Chess_Championship/frames/second91_frame2737.jpg,0.7696246306835608,0.028580510197920277,0.027893013810893468
/media/jahaziel/Datos/proyectos/Smarketing/dataset/YouTubeVideos/The_Feeling_Of_Winning_A_World_Chess_Championship/frames/second95_frame2857.jpg,0.35661509271557545,0.0660632092021675,0.06822856590919386
/media/jahaziel/Datos/proyectos/Smarketing/dataset/YouTubeVideos/The_Feeling_Of_Winning_A_World_Chess_Championship/frames/second20_frame614.jpg,0.05354257289672992,0.8188040469580193,0.056350260136663936
/media/jahaziel/Datos/proyectos/Smarketing/dataset/YouTubeVideos/The_Feeling_Of_Winning_A_World_Chess_Championship/frames/second20_frame621.jpg,0.056990370904533655,0.8341793873347993,0.059883936716896756
/media/jahaziel/Datos/proyectos/Smarketing/dataset/YouTubeVideos/The_Feeling_Of_Winning_A_World_Chess_Championship/frames/second20_frame629.jpg,0.057163435570627315,0.8198723232324187,0.06024781779136856
/media/jahaziel/Datos/proyectos/Smarketing/dataset/YouTubeVideos/The_Feeling_Of_Winning_A_World_Chess_Championship/frames/second21_frame637.jpg,0.06370338651336356,0.8387007045665802,0.06746751251146338
/media/jahaziel/Datos/proyectos/Smarketing/dataset/YouTubeVideos/The_Feeling_Of_Winning_A_World_Chess_Championship/frames/second21_frame644.jpg,0.057151346221901114,0.7966983933050753,0.060099472778248
/media/jahaziel/Datos/proyectos/Smarketing/dataset/YouTubeVideos/The_Feeling_Of_Winning_A_World_Chess_Championship/frames/second21_frame651.jpg,0.06305840983896473,0.833953637846746,0.06641062753846601
/media/jahaziel/Datos/proyectos/Smarketing/dataset/YouTubeVideos/The_Feeling_Of_Winning_A_World_Chess_Championship/frames/second21_frame659.jpg,0.05796110948089279,0.7932640722725826,0.061164656864461334
/media/jahaziel/Datos/proyectos/Smarketing/dataset/YouTubeVideos/The_Feeling_Of_Winning_A_World_Chess_Championship/frames/second22_frame667.jpg,0.06984465411456627,0.841488056727265,0.0734169292929611
/media/jahaziel/Datos/proyectos/Smarketing/dataset/YouTubeVideos/The_Feeling_Of_Winning_A_World_Chess_Championship/frames/second22_frame674.jpg,0.06918130840850181,0.8426372976716171,0.07293103405467352
/media/jahaziel/Datos/proyectos/Smarketing/dataset/YouTubeVideos/The_Feeling_Of_Winning_A_World_Chess_Championship/frames/second22_frame681.jpg,0.06954686048642171,0.8419834805135457,0.07321929913482504
/media/jahaziel/Datos/proyectos/Smarketing/dataset/YouTubeVideos/The_Feeling_Of_Winning_A_World_Chess_Championship/frames/second22_frame689.jpg,0.06581852474844407,0.8494225692169914,0.06950854616935681
/media/jahaziel/Datos/proyectos/Smarketing/dataset/YouTubeVideos/The_Feeling_Of_Winning_A_World_Chess_Championship/frames/second23_frame697.jpg,0.07041099737483018,0.8399871355639679,0.07435150719599437
/media/jahaziel/Datos/proyectos/Smarketing/dataset/YouTubeVideos/The_Feeling_Of_Winning_A_World_Chess_Championship/frames/second23_frame704.jpg,0.03168124047578395,0.04768315186932717,0.035482464861672884
/media/jahaziel/Datos/proyectos/Smarketing/dataset/YouTubeVideos/The_Feeling_Of_Winning_A_World_Chess_Championship/frames/second23_frame711.jpg,0.03164297964577882,0.04746957909858323,0.03543775538557245
/media/jahaziel/Datos/proyectos/Smarketing/dataset/YouTubeVideos/The_Feeling_Of_Winning_A_World_Chess_Championship/frames/second23_frame719.jpg,0.03167131557092353,0.047696580080856255,0.03551263646475807
/media/jahaziel/Datos/proyectos/Smarketing/dataset/YouTubeVideos/The_Feeling_Of_Winning_A_World_Chess_Championship/frames/second24_frame734.jpg,0.03168073032885295,0.047781587304867444,0.03553545109138535
/media/jahaziel/Datos/proyectos/Smarketing/dataset/YouTubeVideos/The_Feeling_Of_Winning_A_World_Chess_Championship/frames/second24_frame741.jpg,0.031710080911292876,0.04810616966977789,0.035666203600079396
/media/jahaziel/Datos/proyectos/Smarketing/dataset/YouTubeVideos/The_Feeling_Of_Winning_A_World_Chess_Championship/frames/second24_frame749.jpg,0.031683432395608536,0.04801079097699314,0.03568096442928778
/media/jahaziel/Datos/proyectos/Smarketing/dataset/YouTubeVideos/The_Feeling_Of_Winning_A_World_Chess_Championship/frames/second25_frame757.jpg,0.031769166779374525,0.04824211602601041,0.0357622561433782
/media/jahaziel/Datos/proyectos/Smarketing/dataset/YouTubeVideos/The_Feeling_Of_Winning_A_World_Chess_Championship/frames/second25_frame764.jpg,0.03171860093420509,0.04784231944349759,0.03554738374161914
/media/jahaziel/Datos/proyectos/Smarketing/dataset/YouTubeVideos/The_Feeling_Of_Winning_A_World_Chess_Championship/frames/second25_frame771.jpg,0.03167482908174963,0.04755308328330683,0.03543739521002082
/media/jahaziel/Datos/proyectos/Smarketing/dataset/YouTubeVideos/The_Feeling_Of_Winning_A_World_Chess_Championship/frames/second25_frame779.jpg,0.031691616071582385,0.04790127748540483,0.03561077789684057
/media/jahaziel/Datos/proyectos/Smarketing/dataset/YouTubeVideos/The_Feeling_Of_Winning_A_World_Chess_Championship/frames/second26_frame787.jpg,0.03167188738234237,0.047867977104627445,0.03563962039441072
/media/jahaziel/Datos/proyectos/Smarketing/dataset/YouTubeVideos/The_Feeling_Of_Winning_A_World_Chess_Championship/frames/second26_frame794.jpg,0.031704808555377356,0.0481743162030635,0.03570627722727304
/media/jahaziel/Datos/proyectos/Smarketing/dataset/YouTubeVideos/The_Feeling_Of_Winning_A_World_Chess_Championship/frames/second26_frame801.jpg,0.08169195522564618,0.8187159527389962,0.08434173217015
/media/jahaziel/Datos/proyectos/Smarketing/dataset/YouTubeVideos/The_Feeling_Of_Winning_A_World_Chess_Championship/frames/second26_frame809.jpg,0.08331049860546295,0.8154640609207935,0.0859750806085358
/media/jahaziel/Datos/proyectos/Smarketing/dataset/YouTubeVideos/The_Feeling_Of_Winning_A_World_Chess_Championship/frames/second27_frame817.jpg,0.07796793408551575,0.8257705024494414,0.08101120359983535
/media/jahaziel/Datos/proyectos/Smarketing/dataset/YouTubeVideos/The_Feeling_Of_Winning_A_World_Chess_Championship/frames/second27_frame824.jpg,0.07679244551999816,0.8285089332482457,0.07944826136654852
/media/jahaziel/Datos/proyectos/Smarketing/dataset/YouTubeVideos/The_Feeling_Of_Winning_A_World_Chess_Championship/frames/second27_frame831.jpg,0.08010980007922332,0.8220877498095581,0.08255209024601097
/media/jahaziel/Datos/proyectos/Smarketing/dataset/YouTubeVideos/The_Feeling_Of_Winning_A_World_Chess_Championship/frames/second27_frame839.jpg,0.07763467018176913,0.8264673591119617,0.08064761084106166
/media/jahaziel/Datos/proyectos/Smarketing/dataset/YouTubeVideos/The_Feeling_Of_Winning_A_World_Chess_Championship/frames/second28_frame854.jpg,0.08025738598085767,0.8213581381128916,0.08313411604104308
/media/jahaziel/Datos/proyectos/Smarketing/dataset/YouTubeVideos/The_Feeling_Of_Winning_A_World_Chess_Championship/frames/second28_frame861.jpg,0.08442644465567141,0.8133859422211972,0.08693725325792373
/media/jahaziel/Datos/proyectos/Smarketing/dataset/YouTubeVideos/The_Feeling_Of_Winning_A_World_Chess_Championship/frames/second28_frame869.jpg,0.07852734971826686,0.8244955452303631,0.08172674518616249
/media/jahaziel/Datos/proyectos/Smarketing/dataset/YouTubeVideos/The_Feeling_Of_Winning_A_World_Chess_Championship/frames/second29_frame877.jpg,0.08479969106030882,0.8128935007144038,0.08705644836007967
/media/jahaziel/Datos/proyectos/Smarketing/dataset/YouTubeVideos/The_Feeling_Of_Winning_A_World_Chess_Championship/frames/second29_frame884.jpg,0.0873826871968528,0.8072318302398587,0.090135122698081
/media/jahaziel/Datos/proyectos/Smarketing/dataset/YouTubeVideos/The_Feeling_Of_Winning_A_World_Chess_Championship/frames/second29_frame891.jpg,0.0881489577172562,0.8054630175526636,0.09113766486487251
/media/jahaziel/Datos/proyectos/Smarketing/dataset/YouTubeVideos/The_Feeling_Of_Winning_A_World_Chess_Championship/frames/second29_frame899.jpg,0.08665254213003795,0.8082501589356852,0.08984693906906917
/media/jahaziel/Datos/proyectos/Smarketing/dataset/YouTubeVideos/The_Feeling_Of_Winning_A_World_Chess_Championship/frames/second2_frame67.jpg,9.06435307768717e-310,1.0,9.29769358438915e-310
/media/jahaziel/Datos/proyectos/Smarketing/dataset/YouTubeVideos/The_Feeling_Of_Winning_A_World_Chess_Championship/frames/second2_frame74.jpg,9.03965786849847e-310,1.0,9.25680140046547e-310
/media/jahaziel/Datos/proyectos/Smarketing/dataset/YouTubeVideos/The_Feeling_Of_Winning_A_World_Chess_Championship/frames/second2_frame81.jpg,9.0476828027093e-310,1.0,9.25933129690256e-310
/media/jahaziel/Datos/proyectos/Smarketing/dataset/YouTubeVideos/The_Feeling_Of_Winning_A_World_Chess_Championship/frames/second2_frame89.jpg,8.97472723707725e-310,1.0,9.22062355791e-310
/media/jahaziel/Datos/proyectos/Smarketing/dataset/YouTubeVideos/The_Feeling_Of_Winning_A_World_Chess_Championship/frames/second30_frame907.jpg,0.09075941565002407,0.8008342938303203,0.09315593065444806
/media/jahaziel/Datos/proyectos/Smarketing/dataset/YouTubeVideos/The_Feeling_Of_Winning_A_World_Chess_Championship/frames/second30_frame914.jpg,0.08945325226134647,0.8038839856317406,0.09141240224170527
/media/jahaziel/Datos/proyectos/Smarketing/dataset/YouTubeVideos/The_Feeling_Of_Winning_A_World_Chess_Championship/frames/second30_frame921.jpg,0.08987517794517495,0.8032051794380917,0.09166928275152574
/media/jahaziel/Datos/proyectos/Smarketing/dataset/YouTubeVideos/The_Feeling_Of_Winning_A_World_Chess_Championship/frames/second30_frame929.jpg,0.0912760421012817,0.8001564919218026,0.09331710611170811
/media/jahaziel/Datos/proyectos/Smarketing/dataset/YouTubeVideos/The_Feeling_Of_Winning_A_World_Chess_Championship/frames/second31_frame944.jpg,0.09489036891318951,0.7933464747824438,0.09651279643915894
/media/jahaziel/Datos/proyectos/Smarketing/dataset/YouTubeVideos/The_Feeling_Of_Winning_A_World_Chess_Championship/frames/second31_frame951.jpg,0.09799266764551784,0.7612664197146735,0.09933335682282399
/media/jahaziel/Datos/proyectos/Smarketing/dataset/YouTubeVideos/The_Feeling_Of_Winning_A_World_Chess_Championship/frames/second31_frame959.jpg,0.09700628217982782,0.7501497612391459,0.09778413589959863
/media/jahaziel/Datos/proyectos/Smarketing/dataset/YouTubeVideos/The_Feeling_Of_Winning_A_World_Chess_Championship/frames/second32_frame967.jpg,0.0966962766309813,0.789912617051871,0.09814074645194006
/media/jahaziel/Datos/proyectos/Smarketing/dataset/YouTubeVideos/The_Feeling_Of_Winning_A_World_Chess_Championship/frames/second32_frame974.jpg,0.09569151178594906,0.7914116233254722,0.09764650502337095
/media/jahaziel/Datos/proyectos/Smarketing/dataset/YouTubeVideos/The_Feeling_Of_Winning_A_World_Chess_Championship/frames/second32_frame981.jpg,0.09557498296508408,0.7059716914753976,0.09631711246180592
/media/jahaziel/Datos/proyectos/Smarketing/dataset/YouTubeVideos/The_Feeling_Of_Winning_A_World_Chess_Championship/frames/second32_frame989.jpg,0.09636494427506989,0.7439495911839661,0.09686527094948011
/media/jahaziel/Datos/proyectos/Smarketing/dataset/YouTubeVideos/The_Feeling_Of_Winning_A_World_Chess_Championship/frames/second33_frame1004.jpg,0.02454449850431339,0.022598086468449997,0.9528574150272365
/media/jahaziel/Datos/proyectos/Smarketing/dataset/YouTubeVideos/The_Feeling_Of_Winning_A_World_Chess_Championship/frames/second33_frame1011.jpg,8.92814675864406e-310,8.3996824967635e-310,1.0
/media/jahaziel/Datos/proyectos/Smarketing/dataset/YouTubeVideos/The_Feeling_Of_Winning_A_World_Chess_Championship/frames/second33_frame1019.jpg,8.953817907801e-310,8.4638297283433e-310,1.0
/media/jahaziel/Datos/proyectos/Smarketing/dataset/YouTubeVideos/The_Feeling_Of_Winning_A_World_Chess_Championship/frames/second33_frame997.jpg,0.09664269836461556,0.7373255487090994,0.09747051857017383
/media/jahaziel/Datos/proyectos/Smarketing/dataset/YouTubeVideos/The_Feeling_Of_Winning_A_World_Chess_Championship/frames/second34_frame1027.jpg,0.028952543914799823,0.02671999685107456,0.9443274592341256
/media/jahaziel/Datos/proyectos/Smarketing/dataset/YouTubeVideos/The_Feeling_Of_Winning_A_World_Chess_Championship/frames/second34_frame1034.jpg,0.0316536417037818,0.02899748788885439,0.9393488704073639
/media/jahaziel/Datos/proyectos/Smarketing/dataset/YouTubeVideos/The_Feeling_Of_Winning_A_World_Chess_Championship/frames/second34_frame1041.jpg,0.03677099247656371,0.03363796970241811,0.9295910378210182
/media/jahaziel/Datos/proyectos/Smarketing/dataset/YouTubeVideos/The_Feeling_Of_Winning_A_World_Chess_Championship/frames/second34_frame1049.jpg,0.039063109153850695,0.03568006603745715,0.9252568248086922
/media/jahaziel/Datos/proyectos/Smarketing/dataset/YouTubeVideos/The_Feeling_Of_Winning_A_World_Chess_Championship/frames/second35_frame1064.jpg,0.03761603228847564,0.03427687312866095,0.9281070945828633
/media/jahaziel/Datos/proyectos/Smarketing/dataset/YouTubeVideos/The_Feeling_Of_Winning_A_World_Chess_Championship/frames/second35_frame1071.jpg,0.022918780469065324,0.02132914896107381,0.9557520705698609
/media/jahaziel/Datos/proyectos/Smarketing/dataset/YouTubeVideos/The_Feeling_Of_Winning_A_World_Chess_Championship/frames/second35_frame1079.jpg,0.030082264285536037,0.027617782378061687,0.9422999533364023
/media/jahaziel/Datos/proyectos/Smarketing/dataset/YouTubeVideos/The_Feeling_Of_Winning_A_World_Chess_Championship/frames/second36_frame1087.jpg,0.028933811585016532,0.02666331350129669,0.9444028749136868
/media/jahaziel/Datos/proyectos/Smarketing/dataset/YouTubeVideos/The_Feeling_Of_Winning_A_World_Chess_Championship/frames/second36_frame1094.jpg,0.03828510531281998,0.03476709140859625,0.9198881127533295
/media/jahaziel/Datos/proyectos/Smarketing/dataset/YouTubeVideos/The_Feeling_Of_Winning_A_World_Chess_Championship/frames/second36_frame1101.jpg,9.04282422811037e-310,8.43430446274123e-310,1.0
/media/jahaziel/Datos/proyectos/Smarketing/dataset/YouTubeVideos/The_Feeling_Of_Winning_A_World_Chess_Championship/frames/second36_frame1109.jpg,9.0257031917829e-310,8.43167062984204e-310,1.0
/media/jahaziel/Datos/proyectos/Smarketing/dataset/YouTubeVideos/The_Feeling_Of_Winning_A_World_Chess_Championship/frames/second37_frame1117.jpg,8.6660696834259e-310,8.26425169878207e-310,1.0
/media/jahaziel/Datos/proyectos/Smarketing/dataset/YouTubeVideos/The_Feeling_Of_Winning_A_World_Chess_Championship/frames/second37_frame1124.jpg,8.5989903355543e-310,8.2597417629029e-310,1.0
/media/jahaziel/Datos/proyectos/Smarketing/dataset/YouTubeVideos/The_Feeling_Of_Winning_A_World_Chess_Championship/frames/second37_frame1131.jpg,8.66893690932074e-310,8.3061399624632e-310,1.0
/media/jahaziel/Datos/proyectos/Smarketing/dataset/YouTubeVideos/The_Feeling_Of_Winning_A_World_Chess_Championship/frames/second37_frame1139.jpg,0.008483772880759782,0.008207899310383052,0.9833083278088571
/media/jahaziel/Datos/proyectos/Smarketing/dataset/YouTubeVideos/The_Feeling_Of_Winning_A_World_Chess_Championship/frames/second38_frame1147.jpg,0.009145010081491005,0.008725735932404699,0.9821292539861043
/media/jahaziel/Datos/proyectos/Smarketing/dataset/YouTubeVideos/The_Feeling_Of_Winning_A_World_Chess_Championship/frames/second38_frame1154.jpg,0.015097652417986423,0.014431735355939578,0.9704706122260739
/media/jahaziel/Datos/proyectos/Smarketing/dataset/YouTubeVideos/The_Feeling_Of_Winning_A_World_Chess_Championship/frames/second38_frame1161.jpg,0.01103413864803853,0.01050197628047474,0.9784638850714868
/media/jahaziel/Datos/proyectos/Smarketing/dataset/YouTubeVideos/The_Feeling_Of_Winning_A_World_Chess_Championship/frames/second38_frame1169.jpg,0.012595697995202278,0.011965727763691716,0.9754385742411059
/media/jahaziel/Datos/proyectos/Smarketing/dataset/YouTubeVideos/The_Feeling_Of_Winning_A_World_Chess_Championship/frames/second39_frame1184.jpg,0.014414442397243935,0.01372255807588416,0.9718629995268719
/media/jahaziel/Datos/proyectos/Smarketing/dataset/YouTubeVideos/The_Feeling_Of_Winning_A_World_Chess_Championship/frames/second39_frame1191.jpg,8.8672348064849e-310,8.47836322079823e-310,1.0
/media/jahaziel/Datos/proyectos/Smarketing/dataset/YouTubeVideos/The_Feeling_Of_Winning_A_World_Chess_Championship/frames/second39_frame1199.jpg,8.94104835274443e-310,8.4962788823971e-310,1.0
/media/jahaziel/Datos/proyectos/Smarketing/dataset/YouTubeVideos/The_Feeling_Of_Winning_A_World_Chess_Championship/frames/second3_frame104.jpg,9.51628885668226e-310,1.0,9.70683481574183e-310
/media/jahaziel/Datos/proyectos/Smarketing/dataset/YouTubeVideos/The_Feeling_Of_Winning_A_World_Chess_Championship/frames/second3_frame111.jpg,9.48169555740644e-310,1.0,9.6548425347537e-310
/media/jahaziel/Datos/proyectos/Smarketing/dataset/YouTubeVideos/The_Feeling_Of_Winning_A_World_Chess_Championship/frames/second3_frame119.jpg,0.006304495191038605,0.9445994747565553,0.006392493499645033
/media/jahaziel/Datos/proyectos/Smarketing/dataset/YouTubeVideos/The_Feeling_Of_Winning_A_World_Chess_Championship/frames/second3_frame97.jpg,0.002741288376731568,0.9719743493571973,0.002812482703214117
/media/jahaziel/Datos/proyectos/Smarketing/dataset/YouTubeVideos/The_Feeling_Of_Winning_A_World_Chess_Championship/frames/second40_frame1207.jpg,0.012522635767205293,0.011997885660371393,0.9754794785724232
/media/jahaziel/Datos/proyectos/Smarketing/dataset/YouTubeVideos/The_Feeling_Of_Winning_A_World_Chess_Championship/frames/second40_frame1214.jpg,0.00819361767998968,0.007871577439066468,0.9839348048809438
/media/jahaziel/Datos/proyectos/Smarketing/dataset/YouTubeVideos/The_Feeling_Of_Winning_A_World_Chess_Championship/frames/second40_frame1221.jpg,8.52236588662744e-310,8.17494203163763e-310,1.0
/media/jahaziel/Datos/proyectos/Smarketing/dataset/YouTubeVideos/The_Feeling_Of_Winning_A_World_Chess_Championship/frames/second40_frame1229.jpg,0.0077897374427927804,0.007529179223787322,0.9846810833334199
/media/jahaziel/Datos/proyectos/Smarketing/dataset/YouTubeVideos/The_Feeling_Of_Winning_A_World_Chess_Championship/frames/second41_frame1237.jpg,8.38279872652775e-310,8.22139060917434e-310,1.0
/media/jahaziel/Datos/proyectos/Smarketing/dataset/YouTubeVideos/The_Feeling_Of_Winning_A_World_Chess_Championship/frames/second41_frame1244.jpg,8.3588376259476e-310,8.2430753771373e-310,1.0
/media/jahaziel/Datos/proyectos/Smarketing/dataset/YouTubeVideos/The_Feeling_Of_Winning_A_World_Chess_Championship/frames/second41_frame1251.jpg,8.3981907882681e-310,8.2085517625618e-310,1.0
/media/jahaziel/Datos/proyectos/Smarketing/dataset/YouTubeVideos/The_Feeling_Of_Winning_A_World_Chess_Championship/frames/second41_frame1259.jpg,8.367423396911e-310,8.2303503675154e-310,1.0
/media/jahaziel/Datos/proyectos/Smarketing/dataset/YouTubeVideos/The_Feeling_Of_Winning_A_World_Chess_Championship/frames/second42_frame1274.jpg,8.4235342231238e-310,8.1994990157359e-310,1.0
/media/jahaziel/Datos/proyectos/Smarketing/dataset/YouTubeVideos/The_Feeling_Of_Winning_A_World_Chess_Championship/frames/second42_frame1281.jpg,8.54859114788474e-310,8.2499805154898e-310,1.0
/media/jahaziel/Datos/proyectos/Smarketing/dataset/YouTubeVideos/The_Feeling_Of_Winning_A_World_Chess_Championship/frames/second42_frame1289.jpg,8.4709275663054e-310,8.227651229354e-310,1.0
/media/jahaziel/Datos/proyectos/Smarketing/dataset/YouTubeVideos/The_Feeling_Of_Winning_A_World_Chess_Championship/frames/second43_frame1297.jpg,8.41231086010904e-310,8.2090199247853e-310,1.0
/media/jahaziel/Datos/proyectos/Smarketing/dataset/YouTubeVideos/The_Feeling_Of_Winning_A_World_Chess_Championship/frames/second43_frame1304.jpg,0.0304245165496947,0.027924858435497652,0.9416506250148077
/media/jahaziel/Datos/proyectos/Smarketing/dataset/YouTubeVideos/The_Feeling_Of_Winning_A_World_Chess_Championship/frames/second43_frame1311.jpg,8.62988358733524e-310,8.30334101109806e-310,1.0
/media/jahaziel/Datos/proyectos/Smarketing/dataset/YouTubeVideos/The_Feeling_Of_Winning_A_World_Chess_Championship/frames/second43_frame1319.jpg,8.81992469185164e-310,8.4658682489189e-310,1.0
/media/jahaziel/Datos/proyectos/Smarketing/dataset/YouTubeVideos/The_Feeling_Of_Winning_A_World_Chess_Championship/frames/second44_frame1327.jpg,8.45809789829625e-310,8.2497534661594e-310,1.0
/media/jahaziel/Datos/proyectos/Smarketing/dataset/YouTubeVideos/The_Feeling_Of_Winning_A_World_Chess_Championship/frames/second44_frame1334.jpg,8.43378986743204e-310,8.26343421044853e-310,1.0
/media/jahaziel/Datos/proyectos/Smarketing/dataset/YouTubeVideos/The_Feeling_Of_Winning_A_World_Chess_Championship/frames/second44_frame1341.jpg,8.4268882127571e-310,8.2774301066931e-310,1.0
/media/jahaziel/Datos/proyectos/Smarketing/dataset/YouTubeVideos/The_Feeling_Of_Winning_A_World_Chess_Championship/frames/second44_frame1349.jpg,0.00583135001519466,0.005729903976731371,0.9884387460080739
/media/jahaziel/Datos/proyectos/Smarketing/dataset/YouTubeVideos/The_Feeling_Of_Winning_A_World_Chess_Championship/frames/second45_frame1357.jpg,0.030896975228497284,0.031049394785099018,0.9380536299864036
/media/jahaziel/Datos/proyectos/Smarketing/dataset/YouTubeVideos/The_Feeling_Of_Winning_A_World_Chess_Championship/frames/second45_frame1364.jpg,0.02702314501850778,0.027048963217038865,0.9459278917644535
/media/jahaziel/Datos/proyectos/Smarketing/dataset/YouTubeVideos/The_Feeling_Of_Winning_A_World_Chess_Championship/frames/second45_frame1371.jpg,0.02110043646703565,0.021060723261067057,0.9578388402718973
/media/jahaziel/Datos/proyectos/Smarketing/dataset/YouTubeVideos/The_Feeling_Of_Winning_A_World_Chess_Championship/frames/second45_frame1379.jpg,0.026644936758385373,0.026734090835441954,0.9466209724061726
/media/jahaziel/Datos/proyectos/Smarketing/dataset/YouTubeVideos/The_Feeling_Of_Winning_A_World_Chess_Championship/frames/second46_frame1387.jpg,0.01427303795446682,0.01387299830207291,0.9718539637434603
/media/jahaziel/Datos/proyectos/Smarketing/dataset/YouTubeVideos/The_Feeling_Of_Winning_A_World_Chess_Championship/frames/second46_frame1394.jpg,0.013039966684955545,0.012772974784370023,0.9741870585306744
/media/jahaziel/Datos/proyectos/Smarketing/dataset/YouTubeVideos/The_Feeling_Of_Winning_A_World_Chess_Championship/frames/second46_frame1401.jpg,0.021063808444803805,0.020070087716587196,0.9588661038386089
/media/jahaziel/Datos/proyectos/Smarketing/dataset/YouTubeVideos/The_Feeling_Of_Winning_A_World_Chess_Championship/frames/second46_frame1409.jpg,0.02143126879649002,0.020442722158746433,0.9581260090447636
/media/jahaziel/Datos/proyectos/Smarketing/dataset/YouTubeVideos/The_Feeling_Of_Winning_A_World_Chess_Championship/frames/second47_frame1417.jpg,8.61363929174937e-310,8.3130453444764e-310,1.0
/media/jahaziel/Datos/proyectos/Smarketing/dataset/YouTubeVideos/The_Feeling_Of_Winning_A_World_Chess_Championship/frames/second47_frame1424.jpg,8.5035424740827e-310,8.26136309591087e-310,1.0
/media/jahaziel/Datos/proyectos/Smarketing/dataset/YouTubeVideos/The_Feeling_Of_Winning_A_World_Chess_Championship/frames/second47_frame1431.jpg,8.5540893675972e-310,8.30232100235474e-310,1.0
/media/jahaziel/Datos/proyectos/Smarketing/dataset/YouTubeVideos/The_Feeling_Of_Winning_A_World_Chess_Championship/frames/second47_frame1439.jpg,8.46122411289185e-310,8.26719113094756e-310,1.0
/media/jahaziel/Datos/proyectos/Smarketing/dataset/YouTubeVideos/The_Feeling_Of_Winning_A_World_Chess_Championship/frames/second48_frame1447.jpg,0.010380200781572445,0.009989458544620817,0.9796303406738067
/media/jahaziel/Datos/proyectos/Smarketing/dataset/YouTubeVideos/The_Feeling_Of_Winning_A_World_Chess_Championship/frames/second48_frame1454.jpg,0.014782055877312423,0.014234641679619619,0.9709833024430681
/media/jahaziel/Datos/proyectos/Smarketing/dataset/YouTubeVideos/The_Feeling_Of_Winning_A_World_Chess_Championship/frames/second48_frame1461.jpg,0.019932056350618312,0.019129734480750497,0.9609382091686312
/media/jahaziel/Datos/proyectos/Smarketing/dataset/YouTubeVideos/The_Feeling_Of_Winning_A_World_Chess_Championship/frames/second48_frame1469.jpg,0.016828333501057294,0.016195958298416795,0.9669757082005259
/media/jahaziel/Datos/proyectos/Smarketing/dataset/YouTubeVideos/The_Feeling_Of_Winning_A_World_Chess_Championship/frames/second49_frame1477.jpg,8.65848337113765e-310,8.3410311001136e-310,1.0
/media/jahaziel/Datos/proyectos/Smarketing/dataset/YouTubeVideos/The_Feeling_Of_Winning_A_World_Chess_Championship/frames/second49_frame1484.jpg,0.01792015862999339,0.017388601577746365,0.9646912397922603
/media/jahaziel/Datos/proyectos/Smarketing/dataset/YouTubeVideos/The_Feeling_Of_Winning_A_World_Chess_Championship/frames/second49_frame1491.jpg,0.016188415503718998,0.015773221950615583,0.9680383625456654
/media/jahaziel/Datos/proyectos/Smarketing/dataset/YouTubeVideos/The_Feeling_Of_Winning_A_World_Chess_Championship/frames/second49_frame1499.jpg,0.01700971672866836,0.016539533094481824,0.9664507501768499
/media/jahaziel/Datos/proyectos/Smarketing/dataset/YouTubeVideos/The_Feeling_Of_Winning_A_World_Chess_Championship/frames/second6_frame194.jpg,0.009676573572294839,0.962878548753618,0.009892893581467858
/media/jahaziel/Datos/proyectos/Smarketing/dataset/YouTubeVideos/The_Feeling_Of_Winning_A_World_Chess_Championship/frames/second6_frame201.jpg,9.7271792436795e-310,1.0,9.9260030307558e-310
/media/jahaziel/Datos/proyectos/Smarketing/dataset/YouTubeVideos/The_Feeling_Of_Winning_A_World_Chess_Championship/frames/second6_frame209.jpg,9.6291652429125e-310,1.0,9.8466055102394e-310
/media/jahaziel/Datos/proyectos/Smarketing/dataset/YouTubeVideos/The_Feeling_Of_Winning_A_World_Chess_Championship/frames/second70_frame2107.jpg,1.0,9.6592826901073e-310,8.6682954737449e-310
/media/jahaziel/Datos/proyectos/Smarketing/dataset/YouTubeVideos/The_Feeling_Of_Winning_A_World_Chess_Championship/frames/second70_frame2114.jpg,0.9666396964045085,0.006195297298403437,0.005501183493528058
/media/jahaziel/Datos/proyectos/Smarketing/dataset/YouTubeVideos/The_Feeling_Of_Winning_A_World_Chess_Championship/frames/second70_frame2121.jpg,0.9573685108673256,0.009453807311624205,0.008316682129449214
/media/jahaziel/Datos/proyectos/Smarketing/dataset/YouTubeVideos/The_Feeling_Of_Winning_A_World_Chess_Championship/frames/second70_frame2129.jpg,1.0,9.70808186747503e-310,8.638658270344e-310
/media/jahaziel/Datos/proyectos/Smarketing/dataset/YouTubeVideos/The_Feeling_Of_Winning_A_World_Chess_Championship/frames/second71_frame2137.jpg,1.0,9.69570598300374e-310,8.7479546708354e-310
/media/jahaziel/Datos/proyectos/Smarketing/dataset/YouTubeVideos/The_Feeling_Of_Winning_A_World_Chess_Championship/frames/second71_frame2144.jpg,1.0,9.7025854994141e-310,8.76444796381107e-310
/media/jahaziel/Datos/proyectos/Smarketing/dataset/YouTubeVideos/The_Feeling_Of_Winning_A_World_Chess_Championship/frames/second71_frame2151.jpg,1.0,9.77101823135977e-310,8.7258788398321e-310
/media/jahaziel/Datos/proyectos/Smarketing/dataset/YouTubeVideos/The_Feeling_Of_Winning_A_World_Chess_Championship/frames/second71_frame2159.jpg,1.0,9.73746354570897e-310,8.75027682611427e-310
/media/jahaziel/Datos/proyectos/Smarketing/dataset/YouTubeVideos/The_Feeling_Of_Winning_A_World_Chess_Championship/frames/second72_frame2167.jpg,0.9259208494750141,0.014193869596956779,0.01236163331136503
/media/jahaziel/Datos/proyectos/Smarketing/dataset/YouTubeVideos/The_Feeling_Of_Winning_A_World_Chess_Championship/frames/second72_frame2174.jpg,1.0,9.8370032628987e-310,8.67520029178696e-310
/media/jahaziel/Datos/proyectos/Smarketing/dataset/YouTubeVideos/The_Feeling_Of_Winning_A_World_Chess_Championship/frames/second72_frame2181.jpg,0.9283240679599385,0.010822870058239337,0.009500893781709173
/media/jahaziel/Datos/proyectos/Smarketing/dataset/YouTubeVideos/The_Feeling_Of_Winning_A_World_Chess_Championship/frames/second72_frame2189.jpg,0.9281410311264668,0.01234307243919281,0.01092302332113831
/media/jahaziel/Datos/proyectos/Smarketing/dataset/YouTubeVideos/The_Feeling_Of_Winning_A_World_Chess_Championship/frames/second53_frame1604.jpg,8.72456924879555e-310,9.4172920092934e-310,1.0
/media/jahaziel/Datos/proyectos/Smarketing/dataset/YouTubeVideos/The_Feeling_Of_Winning_A_World_Chess_Championship/frames/second53_frame1611.jpg,8.82118873342603e-310,9.5739182990268e-310,1.0
/media/jahaziel/Datos/proyectos/Smarketing/dataset/YouTubeVideos/The_Feeling_Of_Winning_A_World_Chess_Championship/frames/second53_frame1619.jpg,8.8489871893715e-310,9.58110100172707e-310,1.0
/media/jahaziel/Datos/proyectos/Smarketing/dataset/YouTubeVideos/The_Feeling_Of_Winning_A_World_Chess_Championship/frames/second54_frame1627.jpg,8.78254982436114e-310,9.4864390617906e-310,1.0
/media/jahaziel/Datos/proyectos/Smarketing/dataset/YouTubeVideos/The_Feeling_Of_Winning_A_World_Chess_Championship/frames/second54_frame1634.jpg,8.80205420369933e-310,9.4915816548213e-310,1.0
/media/jahaziel/Datos/proyectos/Smarketing/dataset/YouTubeVideos/The_Feeling_Of_Winning_A_World_Chess_Championship/frames/second54_frame1641.jpg,8.75129305557965e-310,9.454435520109e-310,1.0
/media/jahaziel/Datos/proyectos/Smarketing/dataset/YouTubeVideos/The_Feeling_Of_Winning_A_World_Chess_Championship/frames/second54_frame1649.jpg,8.7787995344455e-310,9.51220935107243e-310,1.0
/media/jahaziel/Datos/proyectos/Smarketing/dataset/YouTubeVideos/The_Feeling_Of_Winning_A_World_Chess_Championship/frames/second55_frame1657.jpg,8.74398240188705e-310,9.429148237218e-310,1.0
/media/jahaziel/Datos/proyectos/Smarketing/dataset/YouTubeVideos/The_Feeling_Of_Winning_A_World_Chess_Championship/frames/second55_frame1664.jpg,0.007954318267743222,0.00866095035236868,0.9833847313798881
/media/jahaziel/Datos/proyectos/Smarketing/dataset/YouTubeVideos/The_Feeling_Of_Winning_A_World_Chess_Championship/frames/second55_frame1671.jpg,8.8106855122564e-310,9.627407595313e-310,1.0
/media/jahaziel/Datos/proyectos/Smarketing/dataset/YouTubeVideos/The_Feeling_Of_Winning_A_World_Chess_Championship/frames/second55_frame1679.jpg,8.81247815958853e-310,9.65173971834917e-310,1.0
/media/jahaziel/Datos/proyectos/Smarketing/dataset/YouTubeVideos/The_Feeling_Of_Winning_A_World_Chess_Championship/frames/second56_frame1687.jpg,8.8198821914871e-310,9.68516450949346e-310,1.0
/media/jahaziel/Datos/proyectos/Smarketing/dataset/YouTubeVideos/The_Feeling_Of_Winning_A_World_Chess_Championship/frames/second56_frame1694.jpg,8.80115035691516e-310,9.6037675931414e-310,1.0
/media/jahaziel/Datos/proyectos/Smarketing/dataset/YouTubeVideos/The_Feeling_Of_Winning_A_World_Chess_Championship/frames/second56_frame1701.jpg,8.78680731892886e-310,9.5812425116222e-310,1.0
/media/jahaziel/Datos/proyectos/Smarketing/dataset/YouTubeVideos/The_Feeling_Of_Winning_A_World_Chess_Championship/frames/second56_frame1709.jpg,8.7840522194549e-310,9.6051488357935e-310,1.0
/media/jahaziel/Datos/proyectos/Smarketing/dataset/YouTubeVideos/The_Feeling_Of_Winning_A_World_Chess_Championship/frames/second57_frame1724.jpg,8.8080876888984e-310,9.74142513545645e-310,1.0
/media/jahaziel/Datos/proyectos/Smarketing/dataset/YouTubeVideos/The_Feeling_Of_Winning_A_World_Chess_Championship/frames/second57_frame1731.jpg,8.8124264404724e-310,9.6978558712142e-310,1.0
/media/jahaziel/Datos/proyectos/Smarketing/dataset/YouTubeVideos/The_Feeling_Of_Winning_A_World_Chess_Championship/frames/second57_frame1739.jpg,8.81057885592665e-310,9.7908882417613e-310,1.0
/media/jahaziel/Datos/proyectos/Smarketing/dataset/YouTubeVideos/The_Feeling_Of_Winning_A_World_Chess_Championship/frames/second58_frame1747.jpg,8.81360925622614e-310,9.7747977375006e-310,1.0
/media/jahaziel/Datos/proyectos/Smarketing/dataset/YouTubeVideos/The_Feeling_Of_Winning_A_World_Chess_Championship/frames/second58_frame1754.jpg,8.81776401787147e-310,9.7654937224829e-310,1.0
/media/jahaziel/Datos/proyectos/Smarketing/dataset/YouTubeVideos/The_Feeling_Of_Winning_A_World_Chess_Championship/frames/second58_frame1761.jpg,8.8185305934103e-310,9.83271946310796e-310,1.0
/media/jahaziel/Datos/proyectos/Smarketing/dataset/YouTubeVideos/The_Feeling_Of_Winning_A_World_Chess_Championship/frames/second58_frame1769.jpg,0.010030085484622446,0.01126336689500621,0.9787065476203712
/media/jahaziel/Datos/proyectos/Smarketing/dataset/YouTubeVideos/The_Feeling_Of_Winning_A_World_Chess_Championship/frames/second59_frame1777.jpg,8.83326729554934e-310,9.8663959971018e-310,1.0
/media/jahaziel/Datos/proyectos/Smarketing/dataset/YouTubeVideos/The_Feeling_Of_Winning_A_World_Chess_Championship/frames/second59_frame1784.jpg,0.010054062415382847,0.01129301771826119,0.9786529198663559
/media/jahaziel/Datos/proyectos/Smarketing/dataset/YouTubeVideos/The_Feeling_Of_Winning_A_World_Chess_Championship/frames/second59_frame1791.jpg,0.014248289083868975,0.01610512476338122,0.9696465861527498
/media/jahaziel/Datos/proyectos/Smarketing/dataset/YouTubeVideos/The_Feeling_Of_Winning_A_World_Chess_Championship/frames/second59_frame1799.jpg,0.01336891089858596,0.015102963204401269,0.9715281258970128
/media/jahaziel/Datos/proyectos/Smarketing/dataset/YouTubeVideos/The_Feeling_Of_Winning_A_World_Chess_Championship/frames/second5_frame157.jpg,0.009496402974004121,0.9797042636296679,0.009797942876044966
/media/jahaziel/Datos/proyectos/Smarketing/dataset/YouTubeVideos/The_Feeling_Of_Winning_A_World_Chess_Championship/frames/second5_frame164.jpg,9.62534773807127e-310,1.0,9.89866522104897e-310
/media/jahaziel/Datos/proyectos/Smarketing/dataset/YouTubeVideos/The_Feeling_Of_Winning_A_World_Chess_Championship/frames/second5_frame171.jpg,0.01392400848258959,0.8997438064244665,0.014283037626186258
/media/jahaziel/Datos/proyectos/Smarketing/dataset/YouTubeVideos/The_Feeling_Of_Winning_A_World_Chess_Championship/frames/second5_frame179.jpg,0.012039278063902656,0.9447974579906366,0.012331518858908735
/media/jahaziel/Datos/proyectos/Smarketing/dataset/YouTubeVideos/The_Feeling_Of_Winning_A_World_Chess_Championship/frames/second60_frame1814.jpg,8.8040683361081e-310,1.002220463943897e-309,1.0
/media/jahaziel/Datos/proyectos/Smarketing/dataset/YouTubeVideos/The_Feeling_Of_Winning_A_World_Chess_Championship/frames/second60_frame1821.jpg,0.007368204596516616,0.008427910044242379,0.984203885359241
/media/jahaziel/Datos/proyectos/Smarketing/dataset/YouTubeVideos/The_Feeling_Of_Winning_A_World_Chess_Championship/frames/second60_frame1829.jpg,0.012460402359593498,0.014293444759615683,0.9732461528807909
/media/jahaziel/Datos/proyectos/Smarketing/dataset/YouTubeVideos/The_Feeling_Of_Winning_A_World_Chess_Championship/frames/second61_frame1837.jpg,0.019303912831835073,0.022228381594084932,0.9584677055740799
/media/jahaziel/Datos/proyectos/Smarketing/dataset/YouTubeVideos/The_Feeling_Of_Winning_A_World_Chess_Championship/frames/second61_frame1844.jpg,0.023953125588462694,0.027645848126565932,0.9484010262849714
/media/jahaziel/Datos/proyectos/Smarketing/dataset/YouTubeVideos/The_Feeling_Of_Winning_A_World_Chess_Championship/frames/second61_frame1851.jpg,0.02507607594137851,0.02899335384288185,0.9459305702157397
/media/jahaziel/Datos/proyectos/Smarketing/dataset/YouTubeVideos/The_Feeling_Of_Winning_A_World_Chess_Championship/frames/second61_frame1859.jpg,0.0375428054492783,0.04414153538281664,0.6720400465983563
/media/jahaziel/Datos/proyectos/Smarketing/dataset/YouTubeVideos/The_Feeling_Of_Winning_A_World_Chess_Championship/frames/second62_frame1867.jpg,0.03806984553563035,0.04483049078453596,0.664495694624775
/media/jahaziel/Datos/proyectos/Smarketing/dataset/YouTubeVideos/The_Feeling_Of_Winning_A_World_Chess_Championship/frames/second62_frame1874.jpg,0.03577177272245021,0.04210352205148758,0.7139600167016966
/media/jahaziel/Datos/proyectos/Smarketing/dataset/YouTubeVideos/The_Feeling_Of_Winning_A_World_Chess_Championship/frames/second62_frame1881.jpg,0.03464845580857413,0.04049127677644149,0.740759810351002
/media/jahaziel/Datos/proyectos/Smarketing/dataset/YouTubeVideos/The_Feeling_Of_Winning_A_World_Chess_Championship/frames/second62_frame1889.jpg,0.03780939332470135,0.044469857970423056,0.6698552734877996
/media/jahaziel/Datos/proyectos/Smarketing/dataset/YouTubeVideos/The_Feeling_Of_Winning_A_World_Chess_Championship/frames/second63_frame1897.jpg,0.03964008682583742,0.046524089113170373,0.6265901909566877
/media/jahaziel/Datos/proyectos/Smarketing/dataset/YouTubeVideos/The_Feeling_Of_Winning_A_World_Chess_Championship/frames/second63_frame1904.jpg,0.03603769784225442,0.04180031110776008,0.6903264014993025
/media/jahaziel/Datos/proyectos/Smarketing/dataset/YouTubeVideos/The_Feeling_Of_Winning_A_World_Chess_Championship/frames/second63_frame1911.jpg,0.03656679851809457,0.0424358144935933,0.6796056410729099
/media/jahaziel/Datos/proyectos/Smarketing/dataset/YouTubeVideos/The_Feeling_Of_Winning_A_World_Chess_Championship/frames/second63_frame1919.jpg,0.03789146973730497,0.04374333331885122,0.6530636656524558
/media/jahaziel/Datos/proyectos/Smarketing/dataset/YouTubeVideos/The_Feeling_Of_Winning_A_World_Chess_Championship/frames/second64_frame1934.jpg,0.04140844019670538,0.04768733430066084,0.5830340218599007
/media/jahaziel/Datos/proyectos/Smarketing/dataset/YouTubeVideos/The_Feeling_Of_Winning_A_World_Chess_Championship/frames/second64_frame1941.jpg,0.04160315218982127,0.047902651797191755,0.57911612136222
/media/jahaziel/Datos/proyectos/Smarketing/dataset/YouTubeVideos/The_Feeling_Of_Winning_A_World_Chess_Championship/frames/second64_frame1949.jpg,0.041621536441692815,0.04784894358759474,0.5813232076849588
/media/jahaziel/Datos/proyectos/Smarketing/dataset/YouTubeVideos/The_Feeling_Of_Winning_A_World_Chess_Championship/frames/second65_frame1957.jpg,0.04267911414515347,0.04914497854891877,0.5554366028611425
/media/jahaziel/Datos/proyectos/Smarketing/dataset/YouTubeVideos/The_Feeling_Of_Winning_A_World_Chess_Championship/frames/second65_frame1964.jpg,0.04404337836120291,0.05035251539825101,0.5396590811862413
/media/jahaziel/Datos/proyectos/Smarketing/dataset/YouTubeVideos/The_Feeling_Of_Winning_A_World_Chess_Championship/frames/second65_frame1971.jpg,0.04441442352773219,0.05070408591582317,0.5349797911477748
/media/jahaziel/Datos/proyectos/Smarketing/dataset/YouTubeVideos/The_Feeling_Of_Winning_A_World_Chess_Championship/frames/second65_frame1979.jpg,0.04776249674708877,0.054063818981599024,0.4805275528054084
/media/jahaziel/Datos/proyectos/Smarketing/dataset/YouTubeVideos/The_Feeling_Of_Winning_A_World_Chess_Championship/frames/second66_frame1987.jpg,0.09198439170225073,0.6430692091144719,0.09210879476905175
/media/jahaziel/Datos/proyectos/Smarketing/dataset/YouTubeVideos/The_Feeling_Of_Winning_A_World_Chess_Championship/frames/second66_frame1994.jpg,0.08945157361828614,0.5852878125485291,0.08895321652730934
/media/jahaziel/Datos/proyectos/Smarketing/dataset/YouTubeVideos/The_Feeling_Of_Winning_A_World_Chess_Championship/frames/second66_frame2001.jpg,0.09222013328833904,0.6458229393232022,0.09177083956207906
/media/jahaziel/Datos/proyectos/Smarketing/dataset/YouTubeVideos/The_Feeling_Of_Winning_A_World_Chess_Championship/frames/second66_frame2009.jpg,0.050370781584047966,0.8814745469159184,0.05290431163482588
/media/jahaziel/Datos/proyectos/Smarketing/dataset/YouTubeVideos/The_Feeling_Of_Winning_A_World_Chess_Championship/frames/second67_frame2017.jpg,9.6857251716081e-310,1.0,9.86527452977555e-310
/media/jahaziel/Datos/proyectos/Smarketing/dataset/YouTubeVideos/The_Feeling_Of_Winning_A_World_Chess_Championship/frames/second67_frame2024.jpg,0.35112033913372576,0.06584126860191486,0.077090151337645
/media/jahaziel/Datos/proyectos/Smarketing/dataset/YouTubeVideos/The_Feeling_Of_Winning_A_World_Chess_Championship/frames/second67_frame2031.jpg,0.411313215753234,0.07058938491031738,0.08123964695312728
/media/jahaziel/Datos/proyectos/Smarketing/dataset/YouTubeVideos/The_Feeling_Of_Winning_A_World_Chess_Championship/frames/second67_frame2039.jpg,0.3312666470812072,0.06475140526283908,0.07630581287880785
/media/jahaziel/Datos/proyectos/Smarketing/dataset/YouTubeVideos/The_Feeling_Of_Winning_A_World_Chess_Championship/frames/second68_frame2047.jpg,0.35069086522132775,0.06676310813808106,0.0781845030042619
/media/jahaziel/Datos/proyectos/Smarketing/dataset/YouTubeVideos/The_Feeling_Of_Winning_A_World_Chess_Championship/frames/second68_frame2054.jpg,0.368142113111906,0.0694482775267196,0.08043820885080709
/media/jahaziel/Datos/proyectos/Smarketing/dataset/YouTubeVideos/The_Feeling_Of_Winning_A_World_Chess_Championship/frames/second68_frame2061.jpg,0.3720197689335345,0.06972932552924861,0.08117597256221942
/media/jahaziel/Datos/proyectos/Smarketing/dataset/YouTubeVideos/The_Feeling_Of_Winning_A_World_Chess_Championship/frames/second68_frame2069.jpg,0.36033998012883983,0.06883460309726358,0.0804480952195602
/media/jahaziel/Datos/proyectos/Smarketing/dataset/YouTubeVideos/The_Feeling_Of_Winning_A_World_Chess_Championship/frames/second69_frame2077.jpg,0.36275205317276465,0.06933404906534493,0.08098399577849842
/media/jahaziel/Datos/proyectos/Smarketing/dataset/YouTubeVideos/The_Feeling_Of_Winning_A_World_Chess_Championship/frames/second69_frame2084.jpg,0.3632388799106441,0.06875700283230037,0.08032360131993199
/media/jahaziel/Datos/proyectos/Smarketing/dataset/YouTubeVideos/The_Feeling_Of_Winning_A_World_Chess_Championship/frames/second69_frame2091.jpg,0.36913534569721357,0.06964814723076182,0.08075404031169424
/media/jahaziel/Datos/proyectos/Smarketing/dataset/YouTubeVideos/The_Feeling_Of_Winning_A_World_Chess_Championship/frames/second69_frame2099.jpg,0.3531559081270982,0.06865773007826238,0.08048954889638323
/media/jahaziel/Datos/proyectos/Smarketing/dataset/YouTubeVideos/The_Feeling_Of_Winning_A_World_Chess_Championship/frames/second73_frame2204.jpg,1.0,9.66690767113065e-310,8.61567545851914e-310
/media/jahaziel/Datos/proyectos/Smarketing/dataset/YouTubeVideos/The_Feeling_Of_Winning_A_World_Chess_Championship/frames/second73_frame2211.jpg,0.9389142837871302,0.016987286519528935,0.014804764109993302
/media/jahaziel/Datos/proyectos/Smarketing/dataset/YouTubeVideos/The_Feeling_Of_Winning_A_World_Chess_Championship/frames/second73_frame2219.jpg,1.0,9.8336587004101e-310,8.7100216147433e-310
/media/jahaziel/Datos/proyectos/Smarketing/dataset/YouTubeVideos/The_Feeling_Of_Winning_A_World_Chess_Championship/frames/second74_frame2227.jpg,1.0,9.71132993436e-310,8.5861784875797e-310
/media/jahaziel/Datos/proyectos/Smarketing/dataset/YouTubeVideos/The_Feeling_Of_Winning_A_World_Chess_Championship/frames/second74_frame2234.jpg,1.0,9.6817899046682e-310,8.61387404903993e-310
/media/jahaziel/Datos/proyectos/Smarketing/dataset/YouTubeVideos/The_Feeling_Of_Winning_A_World_Chess_Championship/frames/second74_frame2241.jpg,1.0,9.70607731235906e-310,8.5823082135386e-310
/media/jahaziel/Datos/proyectos/Smarketing/dataset/YouTubeVideos/The_Feeling_Of_Winning_A_World_Chess_Championship/frames/second74_frame2249.jpg,1.0,9.74212503056866e-310,8.63948911301577e-310
/media/jahaziel/Datos/proyectos/Smarketing/dataset/YouTubeVideos/The_Feeling_Of_Winning_A_World_Chess_Championship/frames/second75_frame2257.jpg,0.8899378340336076,0.013734157696858934,0.012329119937068748
/media/jahaziel/Datos/proyectos/Smarketing/dataset/YouTubeVideos/The_Feeling_Of_Winning_A_World_Chess_Championship/frames/second75_frame2264.jpg,0.9109906612058044,0.009553842070080379,0.008629179211438447
/media/jahaziel/Datos/proyectos/Smarketing/dataset/YouTubeVideos/The_Feeling_Of_Winning_A_World_Chess_Championship/frames/second75_frame2271.jpg,0.9478619974843079,0.011051516721034724,0.00993569879405889
/media/jahaziel/Datos/proyectos/Smarketing/dataset/YouTubeVideos/The_Feeling_Of_Winning_A_World_Chess_Championship/frames/second75_frame2279.jpg,0.8950719983542736,0.011437174959939518,0.010287440379564706
/media/jahaziel/Datos/proyectos/Smarketing/dataset/YouTubeVideos/The_Feeling_Of_Winning_A_World_Chess_Championship/frames/second76_frame2287.jpg,1.0,9.5730645246177e-310,8.75336562983065e-310
/media/jahaziel/Datos/proyectos/Smarketing/dataset/YouTubeVideos/The_Feeling_Of_Winning_A_World_Chess_Championship/frames/second76_frame2294.jpg,0.8984893322672057,0.012173812426900457,0.011060079226069155
/media/jahaziel/Datos/proyectos/Smarketing/dataset/YouTubeVideos/The_Feeling_Of_Winning_A_World_Chess_Championship/frames/second76_frame2301.jpg,1.0,9.6035762513247e-310,8.6542011445443e-310
/media/jahaziel/Datos/proyectos/Smarketing/dataset/YouTubeVideos/The_Feeling_Of_Winning_A_World_Chess_Championship/frames/second76_frame2309.jpg,1.0,9.5376747568383e-310,8.7449884112356e-310
/media/jahaziel/Datos/proyectos/Smarketing/dataset/YouTubeVideos/The_Feeling_Of_Winning_A_World_Chess_Championship/frames/second77_frame2324.jpg,1.0,9.5397509975558e-310,8.6918570458726e-310
/media/jahaziel/Datos/proyectos/Smarketing/dataset/YouTubeVideos/The_Feeling_Of_Winning_A_World_Chess_Championship/frames/second77_frame2331.jpg,1.0,9.56134725388065e-310,8.6688527304656e-310
/media/jahaziel/Datos/proyectos/Smarketing/dataset/YouTubeVideos/The_Feeling_Of_Winning_A_World_Chess_Championship/frames/second77_frame2339.jpg,1.0,9.4946557759435e-310,8.778446356408e-310
/media/jahaziel/Datos/proyectos/Smarketing/dataset/YouTubeVideos/The_Feeling_Of_Winning_A_World_Chess_Championship/frames/second78_frame2347.jpg,1.0,9.4420202890124e-310,8.89105933610014e-310
/media/jahaziel/Datos/proyectos/Smarketing/dataset/YouTubeVideos/The_Feeling_Of_Winning_A_World_Chess_Championship/frames/second78_frame2354.jpg,1.0,9.45008661463095e-310,8.872318527526e-310
/media/jahaziel/Datos/proyectos/Smarketing/dataset/YouTubeVideos/The_Feeling_Of_Winning_A_World_Chess_Championship/frames/second78_frame2361.jpg,1.0,9.4546341033945e-310,8.92433270701235e-310
/media/jahaziel/Datos/proyectos/Smarketing/dataset/YouTubeVideos/The_Feeling_Of_Winning_A_World_Chess_Championship/frames/second78_frame2369.jpg,0.9334811885160006,0.008079274627422955,0.007814768638572226
/media/jahaziel/Datos/proyectos/Smarketing/dataset/YouTubeVideos/The_Feeling_Of_Winning_A_World_Chess_Championship/frames/second79_frame2377.jpg,1.0,9.43630919987784e-310,8.973186368862e-310
/media/jahaziel/Datos/proyectos/Smarketing/dataset/YouTubeVideos/The_Feeling_Of_Winning_A_World_Chess_Championship/frames/second79_frame2384.jpg,1.0,9.4590236398099e-310,8.989956229319e-310
/media/jahaziel/Datos/proyectos/Smarketing/dataset/YouTubeVideos/The_Feeling_Of_Winning_A_World_Chess_Championship/frames/second79_frame2391.jpg,1.0,9.4723174495727e-310,8.98481205820373e-310
/media/jahaziel/Datos/proyectos/Smarketing/dataset/YouTubeVideos/The_Feeling_Of_Winning_A_World_Chess_Championship/frames/second79_frame2399.jpg,1.0,9.4105013625099e-310,9.04282149169627e-310
/media/jahaziel/Datos/proyectos/Smarketing/dataset/YouTubeVideos/The_Feeling_Of_Winning_A_World_Chess_Championship/frames/second7_frame217.jpg,9.83322334036873e-310,1.0,9.96445955370386e-310
/media/jahaziel/Datos/proyectos/Smarketing/dataset/YouTubeVideos/The_Feeling_Of_Winning_A_World_Chess_Championship/frames/second7_frame224.jpg,9.8382265979869e-310,1.0,9.96714334869554e-310
/media/jahaziel/Datos/proyectos/Smarketing/dataset/YouTubeVideos/The_Feeling_Of_Winning_A_World_Chess_Championship/frames/second7_frame231.jpg,9.75690715578274e-310,1.0,9.95724794745527e-310
/media/jahaziel/Datos/proyectos/Smarketing/dataset/YouTubeVideos/The_Feeling_Of_Winning_A_World_Chess_Championship/frames/second7_frame239.jpg,9.7484732975676e-310,1.0,9.9513740791238e-310
/media/jahaziel/Datos/proyectos/Smarketing/dataset/YouTubeVideos/The_Feeling_Of_Winning_A_World_Chess_Championship/frames/second80_frame2414.jpg,0.8631855077993118,0.0193953878874015,0.018420000015017392
/media/jahaziel/Datos/proyectos/Smarketing/dataset/YouTubeVideos/The_Feeling_Of_Winning_A_World_Chess_Championship/frames/second80_frame2421.jpg,0.8719628104866859,0.019891862189024317,0.018964617267170445
/media/jahaziel/Datos/proyectos/Smarketing/dataset/YouTubeVideos/The_Feeling_Of_Winning_A_World_Chess_Championship/frames/second80_frame2429.jpg,0.90100518904524,0.016536051040730554,0.015676574667182565
/media/jahaziel/Datos/proyectos/Smarketing/dataset/YouTubeVideos/The_Feeling_Of_Winning_A_World_Chess_Championship/frames/second81_frame2437.jpg,1.0,9.46604822928924e-310,8.9278875951632e-310
/media/jahaziel/Datos/proyectos/Smarketing/dataset/YouTubeVideos/The_Feeling_Of_Winning_A_World_Chess_Championship/frames/second81_frame2444.jpg,0.9872962395094302,0.004676775998427956,0.004440378679967319
/media/jahaziel/Datos/proyectos/Smarketing/dataset/YouTubeVideos/The_Feeling_Of_Winning_A_World_Chess_Championship/frames/second81_frame2451.jpg,1.0,9.48133950569776e-310,8.97162432637726e-310
/media/jahaziel/Datos/proyectos/Smarketing/dataset/YouTubeVideos/The_Feeling_Of_Winning_A_World_Chess_Championship/frames/second81_frame2459.jpg,0.9580830768385454,0.008601198536670107,0.008203650103426238
/media/jahaziel/Datos/proyectos/Smarketing/dataset/YouTubeVideos/The_Feeling_Of_Winning_A_World_Chess_Championship/frames/second82_frame2467.jpg,0.8823546457864608,0.02321261339405223,0.023091264350624453
/media/jahaziel/Datos/proyectos/Smarketing/dataset/YouTubeVideos/The_Feeling_Of_Winning_A_World_Chess_Championship/frames/second82_frame2474.jpg,0.8741713416172264,0.028518341651702552,0.028705631288400528
/media/jahaziel/Datos/proyectos/Smarketing/dataset/YouTubeVideos/The_Feeling_Of_Winning_A_World_Chess_Championship/frames/second82_frame2481.jpg,0.7848686982090518,0.03823549398809706,0.03929764139456465
/media/jahaziel/Datos/proyectos/Smarketing/dataset/YouTubeVideos/The_Feeling_Of_Winning_A_World_Chess_Championship/frames/second82_frame2489.jpg,0.8481848711391726,0.0331775301325855,0.03368218007107113
/media/jahaziel/Datos/proyectos/Smarketing/dataset/YouTubeVideos/The_Feeling_Of_Winning_A_World_Chess_Championship/frames/second83_frame2497.jpg,0.8616917205191649,0.024492920961794295,0.024486123886962228
/media/jahaziel/Datos/proyectos/Smarketing/dataset/YouTubeVideos/The_Feeling_Of_Winning_A_World_Chess_Championship/frames/second83_frame2504.jpg,0.6258402257927207,0.06585347605848632,0.07274928766677466
/media/jahaziel/Datos/proyectos/Smarketing/dataset/YouTubeVideos/The_Feeling_Of_Winning_A_World_Chess_Championship/frames/second83_frame2511.jpg,0.8250684099186444,0.0526668866922535,0.05532223967838925
/media/jahaziel/Datos/proyectos/Smarketing/dataset/YouTubeVideos/The_Feeling_Of_Winning_A_World_Chess_Championship/frames/second83_frame2519.jpg,0.803658755309165,0.03977269026526705,0.040873376912203135
/media/jahaziel/Datos/proyectos/Smarketing/dataset/YouTubeVideos/The_Feeling_Of_Winning_A_World_Chess_Championship/frames/second84_frame2534.jpg,0.8122914442763642,0.058327702884569316,0.062438389128353596
/media/jahaziel/Datos/proyectos/Smarketing/dataset/YouTubeVideos/The_Feeling_Of_Winning_A_World_Chess_Championship/frames/second84_frame2541.jpg,0.8026325901609186,0.05581719669115411,0.05944275646671025
/media/jahaziel/Datos/proyectos/Smarketing/dataset/YouTubeVideos/The_Feeling_Of_Winning_A_World_Chess_Championship/frames/second84_frame2549.jpg,0.7728489715015879,0.05047542671872889,0.053362601738262065
/media/jahaziel/Datos/proyectos/Smarketing/dataset/YouTubeVideos/The_Feeling_Of_Winning_A_World_Chess_Championship/frames/second85_frame2557.jpg,0.7199459877879608,0.0610436751375254,0.0661523140831912
/media/jahaziel/Datos/proyectos/Smarketing/dataset/YouTubeVideos/The_Feeling_Of_Winning_A_World_Chess_Championship/frames/second85_frame2564.jpg,0.7029058588820822,0.06278267171590755,0.06843090036632202
/media/jahaziel/Datos/proyectos/Smarketing/dataset/YouTubeVideos/The_Feeling_Of_Winning_A_World_Chess_Championship/frames/second85_frame2571.jpg,0.8045854875619206,0.061872299138871024,0.0665997495884955
/media/jahaziel/Datos/proyectos/Smarketing/dataset/YouTubeVideos/The_Feeling_Of_Winning_A_World_Chess_Championship/frames/second85_frame2579.jpg,0.7755440251035124,0.06157238213073124,0.0662203106925407
/media/jahaziel/Datos/proyectos/Smarketing/dataset/YouTubeVideos/The_Feeling_Of_Winning_A_World_Chess_Championship/frames/second86_frame2587.jpg,0.6133744723046813,0.06482806640872486,0.07204158219565435
/media/jahaziel/Datos/proyectos/Smarketing/dataset/YouTubeVideos/The_Feeling_Of_Winning_A_World_Chess_Championship/frames/second86_frame2594.jpg,0.6099991872265187,0.06454537070480967,0.0717488045107372
/media/jahaziel/Datos/proyectos/Smarketing/dataset/YouTubeVideos/The_Feeling_Of_Winning_A_World_Chess_Championship/frames/second86_frame2601.jpg,0.5725111438443372,0.06484651805250086,0.07181407525137933
/media/jahaziel/Datos/proyectos/Smarketing/dataset/YouTubeVideos/The_Feeling_Of_Winning_A_World_Chess_Championship/frames/second86_frame2609.jpg,0.5501151525865677,0.06577442038145774,0.07305362933698276
/media/jahaziel/Datos/proyectos/Smarketing/dataset/YouTubeVideos/The_Feeling_Of_Winning_A_World_Chess_Championship/frames/second87_frame2617.jpg,0.7927136447894062,0.06759363519725674,0.07275025630262423
/media/jahaziel/Datos/proyectos/Smarketing/dataset/YouTubeVideos/The_Feeling_Of_Winning_A_World_Chess_Championship/frames/second87_frame2624.jpg,0.8002945566295818,0.0641293881887683,0.06863359147093702
/media/jahaziel/Datos/proyectos/Smarketing/dataset/YouTubeVideos/The_Feeling_Of_Winning_A_World_Chess_Championship/frames/second87_frame2631.jpg,0.6878682462914291,0.06782228295310308,0.074082422466856
/media/jahaziel/Datos/proyectos/Smarketing/dataset/YouTubeVideos/The_Feeling_Of_Winning_A_World_Chess_Championship/frames/second87_frame2639.jpg,0.7617651276630764,0.0687608858663076,0.07443951580367307
/media/jahaziel/Datos/proyectos/Smarketing/dataset/YouTubeVideos/The_Feeling_Of_Winning_A_World_Chess_Championship/frames/second88_frame2654.jpg,0.5549441356727587,0.06566009722367457,0.07368582460455356
/media/jahaziel/Datos/proyectos/Smarketing/dataset/YouTubeVideos/The_Feeling_Of_Winning_A_World_Chess_Championship/frames/second88_frame2661.jpg,0.5537007408036387,0.06411541032780872,0.07166696552718416
/media/jahaziel/Datos/proyectos/Smarketing/dataset/YouTubeVideos/The_Feeling_Of_Winning_A_World_Chess_Championship/frames/second88_frame2669.jpg,0.5429420983265583,0.06849304935232271,0.0776292429569455
/media/jahaziel/Datos/proyectos/Smarketing/dataset/YouTubeVideos/The_Feeling_Of_Winning_A_World_Chess_Championship/frames/second89_frame2677.jpg,0.5926104038745373,0.0649778415756981,0.07194625188326717
/media/jahaziel/Datos/proyectos/Smarketing/dataset/YouTubeVideos/The_Feeling_Of_Winning_A_World_Chess_Championship/frames/second89_frame2684.jpg,0.6064598341644799,0.06969738754094608,0.07780391662226697
/media/jahaziel/Datos/proyectos/Smarketing/dataset/YouTubeVideos/The_Feeling_Of_Winning_A_World_Chess_Championship/frames/second89_frame2691.jpg,0.6027972447089749,0.07259423919257005,0.0816710113312221
/media/jahaziel/Datos/proyectos/Smarketing/dataset/YouTubeVideos/The_Feeling_Of_Winning_A_World_Chess_Championship/frames/second89_frame2699.jpg,0.6361851786139541,0.07577210906825686,0.08528722888101331
/media/jahaziel/Datos/proyectos/Smarketing/dataset/YouTubeVideos/The_Feeling_Of_Winning_A_World_Chess_Championship/frames/second8_frame247.jpg,9.73369963286175e-310,1.0,9.9040884375712e-310
/media/jahaziel/Datos/proyectos/Smarketing/dataset/YouTubeVideos/The_Feeling_Of_Winning_A_World_Chess_Championship/frames/second8_frame254.jpg,9.77383910518667e-310,1.0,9.9081040370458e-310
/media/jahaziel/Datos/proyectos/Smarketing/dataset/YouTubeVideos/The_Feeling_Of_Winning_A_World_Chess_Championship/frames/second8_frame261.jpg,9.72795832177804e-310,1.0,9.87125869074085e-310
/media/jahaziel/Datos/proyectos/Smarketing/dataset/YouTubeVideos/The_Feeling_Of_Winning_A_World_Chess_Championship/frames/second8_frame269.jpg,9.693215569435e-310,1.0,9.86207768850497e-310
/media/jahaziel/Datos/proyectos/Smarketing/dataset/YouTubeVideos/The_Feeling_Of_Winning_A_World_Chess_Championship/frames/second90_frame2707.jpg,0.7392088024159746,0.035708001472844315,0.034885428730708185
/media/jahaziel/Datos/proyectos/Smarketing/dataset/YouTubeVideos/The_Feeling_Of_Winning_A_World_Chess_Championship/frames/second90_frame2714.jpg,0.7347180058521652,0.03578226722113972,0.03496207304074931
/media/jahaziel/Datos/proyectos/Smarketing/dataset/YouTubeVideos/The_Feeling_Of_Winning_A_World_Chess_Championship/frames/second90_frame2721.jpg,0.6885949676264556,0.04412484069657861,0.043816358861658515
/media/jahaziel/Datos/proyectos/Smarketing/dataset/YouTubeVideos/The_Feeling_Of_Winning_A_World_Chess_Championship/frames/second90_frame2729.jpg,0.7424088296342991,0.03882219515435868,0.03832616200579743
/media/jahaziel/Datos/proyectos/Smarketing/dataset/YouTubeVideos/The_Feeling_Of_Winning_A_World_Chess_Championship/frames/second91_frame2744.jpg,0.8401107894504036,0.02253600500985969,0.02177501945415724
/media/jahaziel/Datos/proyectos/Smarketing/dataset/YouTubeVideos/The_Feeling_Of_Winning_A_World_Chess_Championship/frames/second91_frame2751.jpg,0.7799314557508144,0.034564100292184555,0.033847130055463984
/media/jahaziel/Datos/proyectos/Smarketing/dataset/YouTubeVideos/The_Feeling_Of_Winning_A_World_Chess_Championship/frames/second91_frame2759.jpg,0.7603979505911885,0.02852966955067128,0.027811360723477552
/media/jahaziel/Datos/proyectos/Smarketing/dataset/YouTubeVideos/The_Feeling_Of_Winning_A_World_Chess_Championship/frames/second92_frame2767.jpg,0.6836095979162513,0.04905012158307623,0.04948311580582252
/media/jahaziel/Datos/proyectos/Smarketing/dataset/YouTubeVideos/The_Feeling_Of_Winning_A_World_Chess_Championship/frames/second92_frame2774.jpg,0.6704533127106864,0.0492177990669602,0.049611595819777365
/media/jahaziel/Datos/proyectos/Smarketing/dataset/YouTubeVideos/The_Feeling_Of_Winning_A_World_Chess_Championship/frames/second92_frame2781.jpg,0.6526455241844913,0.04944905601426093,0.04982762672670373
/media/jahaziel/Datos/proyectos/Smarketing/dataset/YouTubeVideos/The_Feeling_Of_Winning_A_World_Chess_Championship/frames/second92_frame2789.jpg,0.7005536033682839,0.04732597289663543,0.04750318182496864
/media/jahaziel/Datos/proyectos/Smarketing/dataset/YouTubeVideos/The_Feeling_Of_Winning_A_World_Chess_Championship/frames/second93_frame2797.jpg,0.7631729984764297,0.04842721425834698,0.0488496497237592
/media/jahaziel/Datos/proyectos/Smarketing/dataset/YouTubeVideos/The_Feeling_Of_Winning_A_World_Chess_Championship/frames/second93_frame2804.jpg,0.6940831658532787,0.07237356668196616,0.07879624740704406
/media/jahaziel/Datos/proyectos/Smarketing/dataset/YouTubeVideos/The_Feeling_Of_Winning_A_World_Chess_Championship/frames/second93_frame2811.jpg,0.596932197395012,0.058090971753464,0.05986016082080357
/media/jahaziel/Datos/proyectos/Smarketing/dataset/YouTubeVideos/The_Feeling_Of_Winning_A_World_Chess_Championship/frames/second93_frame2819.jpg,0.8305167235964387,0.050558535234441176,0.05198227745840722
/media/jahaziel/Datos/proyectos/Smarketing/dataset/YouTubeVideos/The_Feeling_Of_Winning_A_World_Chess_Championship/frames/second94_frame2827.jpg,0.6953586122172734,0.0698536073406655,0.07092818720203563
/media/jahaziel/Datos/proyectos/Smarketing/dataset/YouTubeVideos/The_Feeling_Of_Winning_A_World_Chess_Championship/frames/second94_frame2834.jpg,0.6687419876639576,0.0710758152934923,0.07218853369089481
/media/jahaziel/Datos/proyectos/Smarketing/dataset/YouTubeVideos/The_Feeling_Of_Winning_A_World_Chess_Championship/frames/second94_frame2841.jpg,0.6661560465320582,0.06960407747100986,0.07035529500764265
/media/jahaziel/Datos/proyectos/Smarketing/dataset/YouTubeVideos/The_Feeling_Of_Winning_A_World_Chess_Championship/frames/second94_frame2849.jpg,0.686007666711414,0.07286469016372767,0.07397877381406817
/media/jahaziel/Datos/proyectos/Smarketing/dataset/YouTubeVideos/The_Feeling_Of_Winning_A_World_Chess_Championship/frames/second95_frame2864.jpg,0.3488928230265305,0.06560873760840165,0.06778273106403453
/media/jahaziel/Datos/proyectos/Smarketing/dataset/YouTubeVideos/The_Feeling_Of_Winning_A_World_Chess_Championship/frames/second95_frame2871.jpg,0.3942545563628697,0.06738177603045398,0.06901311802236011
/media/jahaziel/Datos/proyectos/Smarketing/dataset/YouTubeVideos/The_Feeling_Of_Winning_A_World_Chess_Championship/frames/second95_frame2879.jpg,0.3513574245815925,0.06573135241686356,0.06789760496659056
/media/jahaziel/Datos/proyectos/Smarketing/dataset/YouTubeVideos/The_Feeling_Of_Winning_A_World_Chess_Championship/frames/second96_frame2887.jpg,0.3472244981933705,0.06565969890116591,0.0680411630391788
/media/jahaziel/Datos/proyectos/Smarketing/dataset/YouTubeVideos/The_Feeling_Of_Winning_A_World_Chess_Championship/frames/second96_frame2894.jpg,0.3222875169676953,0.06483593912614279,0.06763182219516285
/media/jahaziel/Datos/proyectos/Smarketing/dataset/YouTubeVideos/The_Feeling_Of_Winning_A_World_Chess_Championship/frames/second96_frame2901.jpg,0.3373151196086278,0.06548122967582101,0.06841339698696784
/media/jahaziel/Datos/proyectos/Smarketing/dataset/YouTubeVideos/The_Feeling_Of_Winning_A_World_Chess_Championship/frames/second96_frame2909.jpg,0.35318759979622344,0.0661516606659967,0.06901398390864062
/media/jahaziel/Datos/proyectos/Smarketing/dataset/YouTubeVideos/The_Feeling_Of_Winning_A_World_Chess_Championship/frames/second97_frame2917.jpg,0.3932817922130607,0.06736059690749832,0.06876490044490031
/media/jahaziel/Datos/proyectos/Smarketing/dataset/YouTubeVideos/The_Feeling_Of_Winning_A_World_Chess_Championship/frames/second97_frame2924.jpg,0.37567341034211565,0.06667320664430597,0.06842615598360234
/media/jahaziel/Datos/proyectos/Smarketing/dataset/YouTubeVideos/The_Feeling_Of_Winning_A_World_Chess_Championship/frames/second97_frame2931.jpg,0.3780024785630387,0.06692741130603597,0.06792525103797843
/media/jahaziel/Datos/proyectos/Smarketing/dataset/YouTubeVideos/The_Feeling_Of_Winning_A_World_Chess_Championship/frames/second97_frame2939.jpg,0.35898318517147687,0.0660506245989612,0.06788994011288371
/media/jahaziel/Datos/proyectos/Smarketing/dataset/YouTubeVideos/The_Feeling_Of_Winning_A_World_Chess_Championship/frames/second98_frame2947.jpg,0.3418942616218884,0.06541063690197707,0.06709780982292286
/media/jahaziel/Datos/proyectos/Smarketing/dataset/YouTubeVideos/The_Feeling_Of_Winning_A_World_Chess_Championship/frames/second98_frame2954.jpg,0.331653104228818,0.06524858431555787,0.0676898867007234
/media/jahaziel/Datos/proyectos/Smarketing/dataset/YouTubeVideos/The_Feeling_Of_Winning_A_World_Chess_Championship/frames/second98_frame2961.jpg,0.33302061627692425,0.06541702645062254,0.0679504738060241
/media/jahaziel/Datos/proyectos/Smarketing/dataset/YouTubeVideos/The_Feeling_Of_Winning_A_World_Chess_Championship/frames/second98_frame2969.jpg,0.31041571012430585,0.06428611082803405,0.06691022177780576
/media/jahaziel/Datos/proyectos/Smarketing/dataset/YouTubeVideos/The_Feeling_Of_Winning_A_World_Chess_Championship/frames/second9_frame277.jpg,9.6056174054978e-310,1.0,9.90152974120636e-310
/media/jahaziel/Datos/proyectos/Smarketing/dataset/YouTubeVideos/The_Feeling_Of_Winning_A_World_Chess_Championship/frames/second9_frame284.jpg,9.6087135966342e-310,1.0,9.88979049605995e-310
/media/jahaziel/Datos/proyectos/Smarketing/dataset/YouTubeVideos/The_Feeling_Of_Winning_A_World_Chess_Championship/frames/second9_frame291.jpg,9.5984999071687e-310,1.0,9.8619221871177e-310
/media/jahaziel/Datos/proyectos/Smarketing/dataset/YouTubeVideos/The_Feeling_Of_Winning_A_World_Chess_Championship/frames/second9_frame299.jpg,9.5455569757333e-310,1.0,9.8587128872104e-310
