image_filename,label,prob
faceframe_second60_frame1219_0,0,1.0
faceframe_second92_frame1859_1,0,1.0
faceframe_second92_frame1844_1,0,1.0
faceframe_second210_frame4219_0,0,1.0
faceframe_second211_frame4224_1,0,1.0
faceframe_second70_frame1419_1,0,1.0
faceframe_second218_frame4369_1,0,1.0
faceframe_second212_frame4244_0,0,1.0
faceframe_second212_frame4249_1,0,1.0
faceframe_second212_frame4254_1,0,1.0
faceframe_second213_frame4264_1,0,1.0
faceframe_second70_frame1414_1,0,1.0
faceframe_second90_frame1819_1,0,1.0
faceframe_second28_frame579_1,0,1.0
faceframe_second90_frame1814_1,0,1.0
faceframe_second218_frame4374_1,0,1.0
faceframe_second70_frame1409_1,0,1.0
faceframe_second218_frame4379_1,0,1.0
faceframe_second8_frame174_4,0,1.0
faceframe_second92_frame1854_1,0,1.0
faceframe_second13_frame274_4,1,1.0
faceframe_second7_frame159_3,1,1.0
faceframe_second12_frame249_4,1,1.0
faceframe_second12_frame254_4,1,1.0
faceframe_second8_frame179_3,1,1.0
faceframe_second13_frame264_4,1,1.0
faceframe_second13_frame269_4,1,1.0
faceframe_second12_frame259_4,1,1.0
faceframe_second6_frame124_3,1,1.0
faceframe_second13_frame279_4,1,1.0
faceframe_second9_frame184_3,1,1.0
faceframe_second7_frame149_3,1,1.0
faceframe_second15_frame304_4,1,1.0
faceframe_second6_frame129_3,1,1.0
faceframe_second5_frame114_4,1,1.0
faceframe_second14_frame284_4,1,1.0
faceframe_second10_frame219_3,1,1.0
faceframe_second14_frame289_4,1,1.0
faceframe_second12_frame244_4,1,1.0
faceframe_second6_frame134_4,1,1.0
faceframe_second184_frame3694_0,2,1.0
faceframe_second207_frame4154_0,2,1.0
faceframe_second73_frame1479_0,2,1.0
faceframe_second74_frame1484_0,2,1.0
faceframe_second2_frame59_4,2,1.0
faceframe_second95_frame1909_0,2,1.0
faceframe_second207_frame4144_0,2,1.0
faceframe_second207_frame4149_0,2,1.0
faceframe_second74_frame1499_0,2,1.0
faceframe_second75_frame1504_1,2,1.0
faceframe_second94_frame1894_0,2,1.0
faceframe_second208_frame4164_0,2,1.0
faceframe_second208_frame4169_0,2,1.0
faceframe_second103_frame2074_0,2,1.0
faceframe_second208_frame4174_0,2,1.0
faceframe_second209_frame4184_0,2,1.0
faceframe_second209_frame4189_0,2,1.0
faceframe_second103_frame2079_0,2,1.0
faceframe_second73_frame1474_0,2,1.0
faceframe_second73_frame1469_0,2,1.0
faceframe_second230_frame4604_0,3,1.0
faceframe_second89_frame1789_2,3,1.0
faceframe_second16_frame334_1,3,1.0
faceframe_second56_frame1129_2,3,1.0
faceframe_second5_frame109_2,3,1.0
faceframe_second16_frame339_2,3,1.0
faceframe_second16_frame329_1,3,1.0
faceframe_second13_frame269_1,3,1.0
faceframe_second16_frame324_1,3,1.0
faceframe_second15_frame319_1,3,1.0
faceframe_second98_frame1969_2,3,1.0
faceframe_second259_frame5189_0,3,1.0
faceframe_second258_frame5174_1,3,1.0
faceframe_second15_frame314_1,3,1.0
faceframe_second4_frame84_2,3,1.0
faceframe_second15_frame309_2,3,1.0
faceframe_second39_frame789_2,3,1.0
faceframe_second255_frame5114_0,3,1.0
faceframe_second257_frame5144_0,3,1.0
faceframe_second2_frame49_1,3,1.0
faceframe_second237_frame4754_0,4,1.0
faceframe_second233_frame4669_0,4,1.0
faceframe_second234_frame4684_0,4,1.0
faceframe_second233_frame4679_0,4,1.0
faceframe_second233_frame4674_0,4,1.0
faceframe_second256_frame5124_0,4,1.0
faceframe_second256_frame5129_0,4,1.0
faceframe_second256_frame5134_1,4,1.0
faceframe_second232_frame4659_0,4,1.0
faceframe_second248_frame4979_0,4,1.0
faceframe_second232_frame4654_0,4,1.0
faceframe_second232_frame4649_0,4,1.0
faceframe_second231_frame4639_0,4,1.0
faceframe_second258_frame5179_0,4,1.0
faceframe_second230_frame4604_1,4,1.0
faceframe_second237_frame4749_0,4,1.0
faceframe_second234_frame4689_0,4,1.0
faceframe_second234_frame4694_0,4,1.0
faceframe_second236_frame4729_0,4,1.0
faceframe_second240_frame4809_1,4,1.0
