,0,1,2,3,4,5
/media/jahaziel/Datos/proyectos/Smarketing/dataset/YouTubeVideos/Ding_Doesn't_Know_Chinese?/frames/second0_frame14.jpg,0.0067346594712648184,0.0059901651448809315,0.8945619627006218,0.026077440974756564,0.007710791812070318,0.007930126782595586
/media/jahaziel/Datos/proyectos/Smarketing/dataset/YouTubeVideos/Ding_Doesn't_Know_Chinese?/frames/second0_frame21.jpg,0.008661139479713543,0.0076852502330430105,0.8429086172740685,0.03368326783492883,0.009908272542548585,0.010205398699938334
/media/jahaziel/Datos/proyectos/Smarketing/dataset/YouTubeVideos/Ding_Doesn't_Know_Chinese?/frames/second0_frame29.jpg,2.088373193755826e-309,1.8647117167082e-309,1.0,8.06815670765259e-309,2.390343934360834e-309,2.46853236703248e-309
/media/jahaziel/Datos/proyectos/Smarketing/dataset/YouTubeVideos/Ding_Doesn't_Know_Chinese?/frames/second0_frame7.jpg,0.015238073539196786,0.013432740872672825,0.7161475371276497,0.05964726234425516,0.01740699799102564,0.017878496318594412
/media/jahaziel/Datos/proyectos/Smarketing/dataset/YouTubeVideos/Ding_Doesn't_Know_Chinese?/frames/second100_frame3007.jpg,0.021778574451554893,0.02243834294549285,0.0515716486327887,0.036848944755547244,0.04400472671717174,0.04679002575638055
/media/jahaziel/Datos/proyectos/Smarketing/dataset/YouTubeVideos/Ding_Doesn't_Know_Chinese?/frames/second100_frame3014.jpg,0.021680090682565215,0.022381614816595945,0.05156067491408563,0.036767898435571524,0.04346494495122399,0.0461087960242492
/media/jahaziel/Datos/proyectos/Smarketing/dataset/YouTubeVideos/Ding_Doesn't_Know_Chinese?/frames/second100_frame3021.jpg,0.021734525101694678,0.022429655957913304,0.051389631512935935,0.036720503718490824,0.04392903108147174,0.046665379033844205
/media/jahaziel/Datos/proyectos/Smarketing/dataset/YouTubeVideos/Ding_Doesn't_Know_Chinese?/frames/second100_frame3029.jpg,0.021751018802524034,0.022354854590266277,0.05163052413268962,0.0369216084562897,0.04377427950121842,0.046476188299339596
/media/jahaziel/Datos/proyectos/Smarketing/dataset/YouTubeVideos/Ding_Doesn't_Know_Chinese?/frames/second101_frame3037.jpg,0.021366167438092817,0.022293325761689502,0.05001368982438398,0.035803296027439764,0.043011963707530076,0.04517722604258137
/media/jahaziel/Datos/proyectos/Smarketing/dataset/YouTubeVideos/Ding_Doesn't_Know_Chinese?/frames/second101_frame3044.jpg,0.021372740802772298,0.022267902823062236,0.05006029906877016,0.03585268367522917,0.04292084577247327,0.04514680692251556
/media/jahaziel/Datos/proyectos/Smarketing/dataset/YouTubeVideos/Ding_Doesn't_Know_Chinese?/frames/second101_frame3051.jpg,0.02143624955786123,0.022317184818533745,0.050394534658688345,0.03605242642935361,0.04312876776033048,0.04534983888029072
/media/jahaziel/Datos/proyectos/Smarketing/dataset/YouTubeVideos/Ding_Doesn't_Know_Chinese?/frames/second101_frame3059.jpg,0.02132807765253049,0.022306736297730435,0.04983677848229606,0.035671172279165664,0.043030894613086526,0.04505862430534738
/media/jahaziel/Datos/proyectos/Smarketing/dataset/YouTubeVideos/Ding_Doesn't_Know_Chinese?/frames/second102_frame3067.jpg,0.021592789193986394,0.02239460794780098,0.050956167083528486,0.0364054641882581,0.04349178511355691,0.04600645389777317
/media/jahaziel/Datos/proyectos/Smarketing/dataset/YouTubeVideos/Ding_Doesn't_Know_Chinese?/frames/second102_frame3074.jpg,0.02158301657540792,0.022333137825760276,0.05079556094837894,0.03635301827722086,0.04347783868483659,0.046055941009188806
/media/jahaziel/Datos/proyectos/Smarketing/dataset/YouTubeVideos/Ding_Doesn't_Know_Chinese?/frames/second102_frame3081.jpg,0.021562058956782183,0.02229105874767668,0.05054962994524002,0.0362256832807768,0.043475079915574,0.04611450140183582
/media/jahaziel/Datos/proyectos/Smarketing/dataset/YouTubeVideos/Ding_Doesn't_Know_Chinese?/frames/second102_frame3089.jpg,0.02135871509167646,0.02218238539136356,0.049436666602389566,0.035548438275356135,0.043112344387456,0.0455207358962474
/media/jahaziel/Datos/proyectos/Smarketing/dataset/YouTubeVideos/Ding_Doesn't_Know_Chinese?/frames/second103_frame3097.jpg,0.021417602269678336,0.022312913906617902,0.0502719420058576,0.0359690993564251,0.04311956996087945,0.04538134838648039
/media/jahaziel/Datos/proyectos/Smarketing/dataset/YouTubeVideos/Ding_Doesn't_Know_Chinese?/frames/second103_frame3104.jpg,0.021410453991552766,0.02228660176932876,0.050145865695072095,0.035908503686248185,0.04310442791734342,0.04539806116390068
/media/jahaziel/Datos/proyectos/Smarketing/dataset/YouTubeVideos/Ding_Doesn't_Know_Chinese?/frames/second10_frame307.jpg,2.43508762677699e-309,1.77292489503132e-309,7.82502774433728e-309,1.0,2.10525517288779e-309,2.296600197585293e-309
/media/jahaziel/Datos/proyectos/Smarketing/dataset/YouTubeVideos/Ding_Doesn't_Know_Chinese?/frames/second10_frame314.jpg,2.42937568474713e-309,1.77351261662385e-309,7.899886808569344e-309,1.0,2.101533348708685e-309,2.30032297734077e-309
/media/jahaziel/Datos/proyectos/Smarketing/dataset/YouTubeVideos/Ding_Doesn't_Know_Chinese?/frames/second10_frame321.jpg,2.44648848671669e-309,1.76215184839457e-309,7.615457257627e-309,1.0,2.098435181294126e-309,2.30385129519068e-309
/media/jahaziel/Datos/proyectos/Smarketing/dataset/YouTubeVideos/Ding_Doesn't_Know_Chinese?/frames/second10_frame329.jpg,2.435480113382617e-309,1.769743385123243e-309,7.734405375003954e-309,1.0,2.10219912252659e-309,2.288808343642983e-309
/media/jahaziel/Datos/proyectos/Smarketing/dataset/YouTubeVideos/Ding_Doesn't_Know_Chinese?/frames/second11_frame337.jpg,2.408145901242884e-309,1.74944744321764e-309,7.573033475096556e-309,1.0,2.082213923105103e-309,2.261902345526423e-309
/media/jahaziel/Datos/proyectos/Smarketing/dataset/YouTubeVideos/Ding_Doesn't_Know_Chinese?/frames/second11_frame344.jpg,2.408969839663074e-309,1.750625085790796e-309,7.576446277842044e-309,1.0,2.08188689241515e-309,2.262459176795543e-309
/media/jahaziel/Datos/proyectos/Smarketing/dataset/YouTubeVideos/Ding_Doesn't_Know_Chinese?/frames/second11_frame351.jpg,2.394096015173057e-309,1.750218152534707e-309,7.638387262542203e-309,1.0,2.080397734117835e-309,2.24936244192365e-309
/media/jahaziel/Datos/proyectos/Smarketing/dataset/YouTubeVideos/Ding_Doesn't_Know_Chinese?/frames/second11_frame359.jpg,0.004623686362947231,0.0033693428900636057,0.014550201133262494,0.9688830733956701,0.004004931215159625,0.004331295786609162
/media/jahaziel/Datos/proyectos/Smarketing/dataset/YouTubeVideos/Ding_Doesn't_Know_Chinese?/frames/second12_frame367.jpg,2.43521203298364e-309,1.72647247097052e-309,7.0568625535391e-309,1.0,2.04999397674203e-309,2.27890883329981e-309
/media/jahaziel/Datos/proyectos/Smarketing/dataset/YouTubeVideos/Ding_Doesn't_Know_Chinese?/frames/second12_frame374.jpg,2.423817059897976e-309,1.725536189139236e-309,7.07853249620721e-309,1.0,2.048355039485365e-309,2.265099460365023e-309
/media/jahaziel/Datos/proyectos/Smarketing/dataset/YouTubeVideos/Ding_Doesn't_Know_Chinese?/frames/second12_frame381.jpg,2.437530315955708e-309,1.730973675895225e-309,7.167968979316006e-309,1.0,2.05682934890922e-309,2.29200686173267e-309
/media/jahaziel/Datos/proyectos/Smarketing/dataset/YouTubeVideos/Ding_Doesn't_Know_Chinese?/frames/second12_frame389.jpg,2.423086001421935e-309,1.727142548250497e-309,7.10254192290934e-309,1.0,2.05106917669776e-309,2.26339075025321e-309
/media/jahaziel/Datos/proyectos/Smarketing/dataset/YouTubeVideos/Ding_Doesn't_Know_Chinese?/frames/second4_frame134.jpg,2.137466314436504e-309,2.039075069380733e-309,1.0,6.995194359200876e-309,2.489825255758864e-309,2.51399054212982e-309
/media/jahaziel/Datos/proyectos/Smarketing/dataset/YouTubeVideos/Ding_Doesn't_Know_Chinese?/frames/second4_frame141.jpg,2.138859479401174e-309,2.04478006387711e-309,1.0,6.92492487786398e-309,2.49680751568637e-309,2.525162476386865e-309
/media/jahaziel/Datos/proyectos/Smarketing/dataset/YouTubeVideos/Ding_Doesn't_Know_Chinese?/frames/second4_frame149.jpg,2.12071373855043e-309,2.022421982000903e-309,1.0,6.91683752332204e-309,2.483622996337656e-309,2.519232246938344e-309
/media/jahaziel/Datos/proyectos/Smarketing/dataset/YouTubeVideos/Ding_Doesn't_Know_Chinese?/frames/second50_frame1507.jpg,0.004744908667134064,0.005598759872895574,0.004351747394442755,0.0038823497935979103,0.9408985609204299,0.005087100670199804
/media/jahaziel/Datos/proyectos/Smarketing/dataset/YouTubeVideos/Ding_Doesn't_Know_Chinese?/frames/second50_frame1514.jpg,2.41878645214686e-309,2.848277032895554e-309,2.22576000525247e-309,1.985191673686105e-309,1.0,2.597352468777386e-309
/media/jahaziel/Datos/proyectos/Smarketing/dataset/YouTubeVideos/Ding_Doesn't_Know_Chinese?/frames/second50_frame1521.jpg,0.006253497391641594,0.0074304822709898005,0.005778135033295183,0.005146175401137903,0.9657040274873676,0.006722991183990874
/media/jahaziel/Datos/proyectos/Smarketing/dataset/YouTubeVideos/Ding_Doesn't_Know_Chinese?/frames/second50_frame1529.jpg,2.391545675199987e-309,2.8555819145642e-309,2.22069734547236e-309,1.976075220757667e-309,1.0,2.565562151575736e-309
/media/jahaziel/Datos/proyectos/Smarketing/dataset/YouTubeVideos/Ding_Doesn't_Know_Chinese?/frames/second51_frame1537.jpg,0.027433266458374152,0.03324012371024321,0.024040203784239256,0.0215499956712462,0.5093314727890417,0.02743875390771847
/media/jahaziel/Datos/proyectos/Smarketing/dataset/YouTubeVideos/Ding_Doesn't_Know_Chinese?/frames/second51_frame1544.jpg,0.026557775715904133,0.03208966569292246,0.023362875001328495,0.02093523856174808,0.5309086117047147,0.026644642404206723
/media/jahaziel/Datos/proyectos/Smarketing/dataset/YouTubeVideos/Ding_Doesn't_Know_Chinese?/frames/second51_frame1551.jpg,0.021065352681246225,0.025155624474896745,0.018692133419239844,0.01674475385604886,0.6249343196124924,0.021598519009058292
/media/jahaziel/Datos/proyectos/Smarketing/dataset/YouTubeVideos/Ding_Doesn't_Know_Chinese?/frames/second51_frame1559.jpg,0.02388477795871704,0.028814941032210637,0.021178749054927514,0.01895763136481721,0.5806256381766891,0.02424128088382526
/media/jahaziel/Datos/proyectos/Smarketing/dataset/YouTubeVideos/Ding_Doesn't_Know_Chinese?/frames/second52_frame1567.jpg,0.00497968292253025,0.006081503548018976,0.0047000548301349195,0.0041688115483952,0.9263089321988378,0.005359597412299392
/media/jahaziel/Datos/proyectos/Smarketing/dataset/YouTubeVideos/Ding_Doesn't_Know_Chinese?/frames/second52_frame1574.jpg,2.316901100616947e-309,2.81900247684832e-309,2.198797294454555e-309,1.948857145159706e-309,1.0,2.512906261935223e-309
/media/jahaziel/Datos/proyectos/Smarketing/dataset/YouTubeVideos/Ding_Doesn't_Know_Chinese?/frames/second52_frame1581.jpg,2.312969795168786e-309,2.78537823263368e-309,2.19369264368406e-309,1.947505968346255e-309,1.0,2.530989136106297e-309
/media/jahaziel/Datos/proyectos/Smarketing/dataset/YouTubeVideos/Ding_Doesn't_Know_Chinese?/frames/second52_frame1589.jpg,2.30964976361884e-309,2.815463917792304e-309,2.196731221304247e-309,1.9454886293564e-309,1.0,2.512947447997007e-309
/media/jahaziel/Datos/proyectos/Smarketing/dataset/YouTubeVideos/Ding_Doesn't_Know_Chinese?/frames/second13_frame404.jpg,0.03722115575720788,0.025379919061103182,0.03403598466794961,0.040000888317968844,0.03128192636640305,0.03282908737135754
/media/jahaziel/Datos/proyectos/Smarketing/dataset/YouTubeVideos/Ding_Doesn't_Know_Chinese?/frames/second13_frame411.jpg,0.03721805124887165,0.02538594963150838,0.034046466245596846,0.04000663800323353,0.031293568357133504,0.03283775114795039
/media/jahaziel/Datos/proyectos/Smarketing/dataset/YouTubeVideos/Ding_Doesn't_Know_Chinese?/frames/second13_frame419.jpg,0.03744626878118301,0.025520627582697235,0.034285187300735855,0.04029712509640313,0.03151704663273504,0.033096110792904
/media/jahaziel/Datos/proyectos/Smarketing/dataset/YouTubeVideos/Ding_Doesn't_Know_Chinese?/frames/second14_frame427.jpg,0.03646591942138072,0.025074005153070258,0.03350214348521865,0.039202456360313116,0.030855389537041315,0.03231465480051344
/media/jahaziel/Datos/proyectos/Smarketing/dataset/YouTubeVideos/Ding_Doesn't_Know_Chinese?/frames/second14_frame434.jpg,0.03670292539141997,0.02516857237710699,0.03369581695914847,0.03948642270597848,0.031002356456332734,0.032537917431259514
/media/jahaziel/Datos/proyectos/Smarketing/dataset/YouTubeVideos/Ding_Doesn't_Know_Chinese?/frames/second14_frame441.jpg,0.03652290229526082,0.025107702233343812,0.033564936695584566,0.03927836282741763,0.030913655376283933,0.032392450298177174
/media/jahaziel/Datos/proyectos/Smarketing/dataset/YouTubeVideos/Ding_Doesn't_Know_Chinese?/frames/second14_frame449.jpg,0.03679130475161485,0.025191578692630927,0.0337344461645409,0.039566347890638905,0.03101992428337608,0.0325658122039842
/media/jahaziel/Datos/proyectos/Smarketing/dataset/YouTubeVideos/Ding_Doesn't_Know_Chinese?/frames/second15_frame457.jpg,0.03709947316666047,0.02540128488669079,0.034087428524481496,0.03995472216737057,0.03139580129107841,0.03297735289740288
/media/jahaziel/Datos/proyectos/Smarketing/dataset/YouTubeVideos/Ding_Doesn't_Know_Chinese?/frames/second15_frame464.jpg,0.03702519608532607,0.025395513706853255,0.03408669278618629,0.03990805010714984,0.031423436878415575,0.03301920149710192
/media/jahaziel/Datos/proyectos/Smarketing/dataset/YouTubeVideos/Ding_Doesn't_Know_Chinese?/frames/second15_frame471.jpg,0.037163988357159054,0.025389801920986593,0.03406043763956706,0.03997908270753778,0.031336770568021824,0.032902806864988435
/media/jahaziel/Datos/proyectos/Smarketing/dataset/YouTubeVideos/Ding_Doesn't_Know_Chinese?/frames/second15_frame479.jpg,0.037126960037522035,0.02543787646344218,0.03415910830192497,0.040018308612932964,0.03147570298736751,0.03307328254402872
/media/jahaziel/Datos/proyectos/Smarketing/dataset/YouTubeVideos/Ding_Doesn't_Know_Chinese?/frames/second16_frame487.jpg,0.03662570929616463,0.02513866475508962,0.033646413573098555,0.03940947129982742,0.030962962126474657,0.03248771895589213
/media/jahaziel/Datos/proyectos/Smarketing/dataset/YouTubeVideos/Ding_Doesn't_Know_Chinese?/frames/second16_frame494.jpg,0.0367993720266439,0.025206539252842795,0.03375055377676117,0.03957178242221602,0.031051493166261972,0.03258096161600909
/media/jahaziel/Datos/proyectos/Smarketing/dataset/YouTubeVideos/Ding_Doesn't_Know_Chinese?/frames/second16_frame501.jpg,2.598825118082383e-309,1.789562719364455e-309,6.80169910831972e-309,1.0,2.08606189423885e-309,2.412366267856283e-309
/media/jahaziel/Datos/proyectos/Smarketing/dataset/YouTubeVideos/Ding_Doesn't_Know_Chinese?/frames/second16_frame509.jpg,0.013046518629877662,0.008898741524544214,0.03276862931983411,0.8971665231906729,0.010346339572369249,0.012182920383528278
/media/jahaziel/Datos/proyectos/Smarketing/dataset/YouTubeVideos/Ding_Doesn't_Know_Chinese?/frames/second17_frame524.jpg,2.605130174276137e-309,1.768787438901487e-309,6.505955206141865e-309,1.0,2.0599084739379e-309,2.41528951589398e-309
/media/jahaziel/Datos/proyectos/Smarketing/dataset/YouTubeVideos/Ding_Doesn't_Know_Chinese?/frames/second17_frame531.jpg,2.611412635445546e-309,1.774549142116e-309,6.53127026049279e-309,1.0,2.067708549741105e-309,2.433602341480044e-309
/media/jahaziel/Datos/proyectos/Smarketing/dataset/YouTubeVideos/Ding_Doesn't_Know_Chinese?/frames/second17_frame539.jpg,2.620524014250366e-309,1.77334874268843e-309,6.46678452925214e-309,1.0,2.06563207634067e-309,2.43893929097244e-309
/media/jahaziel/Datos/proyectos/Smarketing/dataset/YouTubeVideos/Ding_Doesn't_Know_Chinese?/frames/second18_frame547.jpg,2.61232028053746e-309,1.76288306392407e-309,6.392947823201376e-309,1.0,2.051557505726206e-309,2.41758523775343e-309
/media/jahaziel/Datos/proyectos/Smarketing/dataset/YouTubeVideos/Ding_Doesn't_Know_Chinese?/frames/second18_frame554.jpg,2.614676577184203e-309,1.762142373479543e-309,6.36750915462952e-309,1.0,2.05046170001721e-309,2.419327650270365e-309
/media/jahaziel/Datos/proyectos/Smarketing/dataset/YouTubeVideos/Ding_Doesn't_Know_Chinese?/frames/second18_frame561.jpg,2.58583893859317e-309,1.76473798886548e-309,6.547538387144564e-309,1.0,2.055223660523126e-309,2.375568085860135e-309
/media/jahaziel/Datos/proyectos/Smarketing/dataset/YouTubeVideos/Ding_Doesn't_Know_Chinese?/frames/second18_frame569.jpg,2.60605533311501e-309,1.75610546509746e-309,6.35002152030313e-309,1.0,2.04449993641795e-309,2.40554031338975e-309
/media/jahaziel/Datos/proyectos/Smarketing/dataset/YouTubeVideos/Ding_Doesn't_Know_Chinese?/frames/second19_frame577.jpg,2.598619786260905e-309,1.77209723106037e-309,6.5940681142569e-309,1.0,2.06592514546288e-309,2.40775214369461e-309
/media/jahaziel/Datos/proyectos/Smarketing/dataset/YouTubeVideos/Ding_Doesn't_Know_Chinese?/frames/second19_frame584.jpg,2.608997421961555e-309,1.782656803332365e-309,6.6746053425407e-309,1.0,2.07919963932496e-309,2.419232440682017e-309
/media/jahaziel/Datos/proyectos/Smarketing/dataset/YouTubeVideos/Ding_Doesn't_Know_Chinese?/frames/second19_frame591.jpg,2.58745078083262e-309,1.770070869147496e-309,6.630526889255036e-309,1.0,2.06286713801411e-309,2.410894132027115e-309
/media/jahaziel/Datos/proyectos/Smarketing/dataset/YouTubeVideos/Ding_Doesn't_Know_Chinese?/frames/second19_frame599.jpg,2.611725131410776e-309,1.753772416986846e-309,6.284638611613043e-309,1.0,2.0405096488246e-309,2.418343252398606e-309
/media/jahaziel/Datos/proyectos/Smarketing/dataset/YouTubeVideos/Ding_Doesn't_Know_Chinese?/frames/second1_frame37.jpg,2.44584487963886e-309,1.77434597328819e-309,7.88685691354751e-309,1.0,2.107924697438597e-309,2.322454118526725e-309
/media/jahaziel/Datos/proyectos/Smarketing/dataset/YouTubeVideos/Ding_Doesn't_Know_Chinese?/frames/second1_frame44.jpg,0.03708066958387241,0.025413350796413645,0.03411043578525963,0.03995378281985086,0.031438207060736745,0.03302939833804633
/media/jahaziel/Datos/proyectos/Smarketing/dataset/YouTubeVideos/Ding_Doesn't_Know_Chinese?/frames/second1_frame51.jpg,2.51486497576326e-309,1.79544895239707e-309,7.69523633333225e-309,1.0,2.116256835167115e-309,2.39449480922511e-309
/media/jahaziel/Datos/proyectos/Smarketing/dataset/YouTubeVideos/Ding_Doesn't_Know_Chinese?/frames/second1_frame59.jpg,2.505828943646033e-309,1.78658447238596e-309,7.641431287427784e-309,1.0,2.110144362024005e-309,2.379935540966683e-309
/media/jahaziel/Datos/proyectos/Smarketing/dataset/YouTubeVideos/Ding_Doesn't_Know_Chinese?/frames/second13_frame397.jpg,2.412333723739746e-309,1.73579974253213e-309,7.28989367449051e-309,1.0,2.063951060650826e-309,2.255879387520273e-309
/media/jahaziel/Datos/proyectos/Smarketing/dataset/YouTubeVideos/Ding_Doesn't_Know_Chinese?/frames/second17_frame517.jpg,2.60131143905056e-309,1.772174996910893e-309,6.57951123041586e-309,1.0,2.065392079922703e-309,2.417413759562835e-309
/media/jahaziel/Datos/proyectos/Smarketing/dataset/YouTubeVideos/Ding_Doesn't_Know_Chinese?/frames/second20_frame607.jpg,0.9047932423865004,0.011053632379891584,0.008683840471707597,0.009807962540783229,0.011055643131094372,0.008672218374614741
/media/jahaziel/Datos/proyectos/Smarketing/dataset/YouTubeVideos/Ding_Doesn't_Know_Chinese?/frames/second24_frame727.jpg,0.05577253927760724,0.0320458660262025,0.037243117661897196,0.04184052112413275,0.04627109921445529,0.04068250712328286
/media/jahaziel/Datos/proyectos/Smarketing/dataset/YouTubeVideos/Ding_Doesn't_Know_Chinese?/frames/second28_frame847.jpg,1.0,2.32639614072025e-309,2.18750971592297e-309,2.595409632182953e-309,2.423311292243173e-309,2.284766355272463e-309
/media/jahaziel/Datos/proyectos/Smarketing/dataset/YouTubeVideos/Ding_Doesn't_Know_Chinese?/frames/second31_frame937.jpg,0.8969724066828321,0.014263560825183944,0.01417851343713479,0.01719443370683819,0.015021661809163492,0.014944121951599132
/media/jahaziel/Datos/proyectos/Smarketing/dataset/YouTubeVideos/Ding_Doesn't_Know_Chinese?/frames/second35_frame1057.jpg,0.004665489004104693,0.9290493487243245,0.004014409778295644,0.003516952030176373,0.005601693910747487,0.0034667901734611512
/media/jahaziel/Datos/proyectos/Smarketing/dataset/YouTubeVideos/Ding_Doesn't_Know_Chinese?/frames/second39_frame1177.jpg,2.309316835463736e-309,1.0,1.911784927650347e-309,1.6937482292072e-309,2.636368926186977e-309,1.69971502681307e-309
/media/jahaziel/Datos/proyectos/Smarketing/dataset/YouTubeVideos/Ding_Doesn't_Know_Chinese?/frames/second42_frame1267.jpg,2.340171746652007e-309,1.0,1.86207567512146e-309,1.664857640794e-309,2.57762588963077e-309,1.66724970769398e-309
/media/jahaziel/Datos/proyectos/Smarketing/dataset/YouTubeVideos/Ding_Doesn't_Know_Chinese?/frames/second4_frame127.jpg,2.13193810055524e-309,2.039222976301964e-309,1.0,6.91265222533492e-309,2.48924891865831e-309,2.51752982377016e-309
/media/jahaziel/Datos/proyectos/Smarketing/dataset/YouTubeVideos/Ding_Doesn't_Know_Chinese?/frames/second53_frame1597.jpg,0.005088190663069076,0.006231867561673959,0.0048273457211495735,0.004275341295638478,0.9392099901002388,0.005521952658568858
/media/jahaziel/Datos/proyectos/Smarketing/dataset/YouTubeVideos/Ding_Doesn't_Know_Chinese?/frames/second57_frame1717.jpg,2.28213103076499e-309,2.62944404828455e-309,2.336810168703455e-309,2.050253489740173e-309,1.0,2.762662888973095e-309
/media/jahaziel/Datos/proyectos/Smarketing/dataset/YouTubeVideos/Ding_Doesn't_Know_Chinese?/frames/second60_frame1807.jpg,0.013373185498630763,0.015057301044838512,0.013901102918373922,0.01210084897549581,0.8237538827139455,0.01715633593992511
/media/jahaziel/Datos/proyectos/Smarketing/dataset/YouTubeVideos/Ding_Doesn't_Know_Chinese?/frames/second64_frame1927.jpg,0.03373550707116893,0.03669703784358895,0.03902320362035835,0.0330525859603832,0.5798473183241599,0.05019887387599193
/media/jahaziel/Datos/proyectos/Smarketing/dataset/YouTubeVideos/Ding_Doesn't_Know_Chinese?/frames/second6_frame187.jpg,2.119099419591007e-309,1.96694320165976e-309,1.0,7.506311119206746e-309,2.44310925503031e-309,2.498660472116875e-309
/media/jahaziel/Datos/proyectos/Smarketing/dataset/YouTubeVideos/Ding_Doesn't_Know_Chinese?/frames/second73_frame2197.jpg,2.257259135180957e-309,1.607207252902037e-309,2.45848838032376e-309,2.40359560134778e-309,2.42083390835807e-309,1.0
/media/jahaziel/Datos/proyectos/Smarketing/dataset/YouTubeVideos/Ding_Doesn't_Know_Chinese?/frames/second77_frame2317.jpg,2.197744591241194e-309,1.587800985145614e-309,2.38750188374442e-309,2.321978950146485e-309,2.3282467160996e-309,1.0
/media/jahaziel/Datos/proyectos/Smarketing/dataset/YouTubeVideos/Ding_Doesn't_Know_Chinese?/frames/second80_frame2407.jpg,0.03322592837302271,0.028011543080123907,0.039151368879865256,0.0347028866945211,0.046276652375023916,0.8186316205974431
/media/jahaziel/Datos/proyectos/Smarketing/dataset/YouTubeVideos/Ding_Doesn't_Know_Chinese?/frames/second84_frame2527.jpg,2.06888711817851e-309,1.699428054879575e-309,2.42886294299981e-309,2.16704945764875e-309,2.74239030082748e-309,1.0
/media/jahaziel/Datos/proyectos/Smarketing/dataset/YouTubeVideos/Ding_Doesn't_Know_Chinese?/frames/second88_frame2647.jpg,2.084370977200583e-309,1.73983338520625e-309,2.454653062033727e-309,2.16453058806797e-309,2.945464387843457e-309,1.0
/media/jahaziel/Datos/proyectos/Smarketing/dataset/YouTubeVideos/Ding_Doesn't_Know_Chinese?/frames/second91_frame2737.jpg,0.032478342570902374,0.02753397415697054,0.038456681211659884,0.034359864861133765,0.04440831626171259,0.6940704563896604
/media/jahaziel/Datos/proyectos/Smarketing/dataset/YouTubeVideos/Ding_Doesn't_Know_Chinese?/frames/second95_frame2857.jpg,1.965651741715273e-309,1.74495381441332e-309,2.26453731200545e-309,2.02721304795087e-309,2.710793802934107e-309,1.0
/media/jahaziel/Datos/proyectos/Smarketing/dataset/YouTubeVideos/Ding_Doesn't_Know_Chinese?/frames/second20_frame614.jpg,0.9836515088723691,0.0028296076999401593,0.0022341386123690917,0.002526263203442602,0.0028251422294456614,0.0022336864767168577
/media/jahaziel/Datos/proyectos/Smarketing/dataset/YouTubeVideos/Ding_Doesn't_Know_Chinese?/frames/second20_frame621.jpg,0.9818601730819458,0.0033787735087437458,0.0026677961234838426,0.0030162412063907858,0.0033751323152454086,0.0026677947859822383
/media/jahaziel/Datos/proyectos/Smarketing/dataset/YouTubeVideos/Ding_Doesn't_Know_Chinese?/frames/second20_frame629.jpg,0.9651401673091385,0.004155042358628235,0.003277105111722023,0.003705381904274502,0.004147795038514848,0.0032733460992985207
/media/jahaziel/Datos/proyectos/Smarketing/dataset/YouTubeVideos/Ding_Doesn't_Know_Chinese?/frames/second21_frame637.jpg,1.0,2.480074525246543e-309,1.966786093033854e-309,2.228100139220907e-309,2.465605121219305e-309,1.96593980459126e-309
/media/jahaziel/Datos/proyectos/Smarketing/dataset/YouTubeVideos/Ding_Doesn't_Know_Chinese?/frames/second21_frame644.jpg,1.0,2.484378904834236e-309,1.96692761225295e-309,2.226264338460434e-309,2.471849298491897e-309,1.96946383526244e-309
/media/jahaziel/Datos/proyectos/Smarketing/dataset/YouTubeVideos/Ding_Doesn't_Know_Chinese?/frames/second21_frame651.jpg,1.0,2.476055943471907e-309,1.96332913949187e-309,2.224632770706405e-309,2.462431775238033e-309,1.959664629216485e-309
/media/jahaziel/Datos/proyectos/Smarketing/dataset/YouTubeVideos/Ding_Doesn't_Know_Chinese?/frames/second21_frame659.jpg,1.0,2.477463870843286e-309,1.959315252209883e-309,2.217584686769236e-309,2.46958821013175e-309,1.957265245264353e-309
/media/jahaziel/Datos/proyectos/Smarketing/dataset/YouTubeVideos/Ding_Doesn't_Know_Chinese?/frames/second22_frame667.jpg,1.0,2.471959433323396e-309,1.984553029093366e-309,2.256945616850177e-309,2.453517207406886e-309,1.98522722904244e-309
/media/jahaziel/Datos/proyectos/Smarketing/dataset/YouTubeVideos/Ding_Doesn't_Know_Chinese?/frames/second22_frame674.jpg,1.0,2.49589924026234e-309,1.987957243131847e-309,2.24842097965787e-309,2.500766338679703e-309,1.998308680676744e-309
/media/jahaziel/Datos/proyectos/Smarketing/dataset/YouTubeVideos/Ding_Doesn't_Know_Chinese?/frames/second22_frame681.jpg,1.0,2.484469921122014e-309,1.97913635637437e-309,2.24229113516228e-309,2.47895987660878e-309,1.984455800866993e-309
/media/jahaziel/Datos/proyectos/Smarketing/dataset/YouTubeVideos/Ding_Doesn't_Know_Chinese?/frames/second22_frame689.jpg,1.0,2.483700753009614e-309,1.977011704770897e-309,2.241589031363855e-309,2.466949118359356e-309,1.976248113716837e-309
/media/jahaziel/Datos/proyectos/Smarketing/dataset/YouTubeVideos/Ding_Doesn't_Know_Chinese?/frames/second23_frame697.jpg,1.0,2.484406331112587e-309,1.97518057224142e-309,2.238963972401526e-309,2.466174162971133e-309,1.973510947939513e-309
/media/jahaziel/Datos/proyectos/Smarketing/dataset/YouTubeVideos/Ding_Doesn't_Know_Chinese?/frames/second23_frame704.jpg,0.05578219910109476,0.03214188983034574,0.03731510238710263,0.041890275746403666,0.04654830156212011,0.0406650539747466
/media/jahaziel/Datos/proyectos/Smarketing/dataset/YouTubeVideos/Ding_Doesn't_Know_Chinese?/frames/second23_frame711.jpg,0.05574615663993354,0.032043678248773744,0.037207885435763,0.041789485273567885,0.046266052283481324,0.040663320952031165
/media/jahaziel/Datos/proyectos/Smarketing/dataset/YouTubeVideos/Ding_Doesn't_Know_Chinese?/frames/second23_frame719.jpg,0.05590737094825579,0.03217377185425429,0.037345651215250644,0.04193489648372859,0.046566630066782494,0.0407185544384323
/media/jahaziel/Datos/proyectos/Smarketing/dataset/YouTubeVideos/Ding_Doesn't_Know_Chinese?/frames/second24_frame734.jpg,0.056431477397416045,0.032211286556855984,0.03761334175416216,0.04235774156648594,0.04648363244741185,0.04102128411659143
/media/jahaziel/Datos/proyectos/Smarketing/dataset/YouTubeVideos/Ding_Doesn't_Know_Chinese?/frames/second24_frame741.jpg,0.05597703139327904,0.03207780314683434,0.03734881822653727,0.041998719842625376,0.04628342400910717,0.04078974018784589
/media/jahaziel/Datos/proyectos/Smarketing/dataset/YouTubeVideos/Ding_Doesn't_Know_Chinese?/frames/second24_frame749.jpg,0.0565900155513385,0.03239938483665012,0.0377511103673559,0.042473306691388664,0.04694582390126978,0.04104108956386624
/media/jahaziel/Datos/proyectos/Smarketing/dataset/YouTubeVideos/Ding_Doesn't_Know_Chinese?/frames/second25_frame757.jpg,0.055184306374961904,0.03191993064910501,0.03694416794631669,0.04141194215545896,0.04615597067809568,0.04037247176651193
/media/jahaziel/Datos/proyectos/Smarketing/dataset/YouTubeVideos/Ding_Doesn't_Know_Chinese?/frames/second25_frame764.jpg,0.055855593727907764,0.03219764606464853,0.03728670774305568,0.04183613480518706,0.046640789557590094,0.04065888919934733
/media/jahaziel/Datos/proyectos/Smarketing/dataset/YouTubeVideos/Ding_Doesn't_Know_Chinese?/frames/second25_frame771.jpg,0.05586227503474892,0.032118785972871704,0.03723314996618917,0.04180450142238868,0.04638786833521582,0.04069371949566639
/media/jahaziel/Datos/proyectos/Smarketing/dataset/YouTubeVideos/Ding_Doesn't_Know_Chinese?/frames/second25_frame779.jpg,0.05577022385649398,0.03210582625024333,0.03715233707415656,0.04168908725524588,0.04637157459471729,0.04062790004836777
/media/jahaziel/Datos/proyectos/Smarketing/dataset/YouTubeVideos/Ding_Doesn't_Know_Chinese?/frames/second26_frame787.jpg,0.05627193004067518,0.03235638002753436,0.03735526640091311,0.041913412979057624,0.04682237766268741,0.0408046621857705
/media/jahaziel/Datos/proyectos/Smarketing/dataset/YouTubeVideos/Ding_Doesn't_Know_Chinese?/frames/second26_frame794.jpg,0.055856195661215045,0.03222643611301493,0.03731519391771499,0.04186043369893402,0.04673542252068534,0.04064887167892826
/media/jahaziel/Datos/proyectos/Smarketing/dataset/YouTubeVideos/Ding_Doesn't_Know_Chinese?/frames/second26_frame801.jpg,1.0,2.32444894338151e-309,2.190282165390773e-309,2.604143111151604e-309,2.42415034844717e-309,2.279926899073264e-309
/media/jahaziel/Datos/proyectos/Smarketing/dataset/YouTubeVideos/Ding_Doesn't_Know_Chinese?/frames/second26_frame809.jpg,1.0,2.333840606760193e-309,2.21294061762751e-309,2.631583274606205e-309,2.443343957078593e-309,2.30367100737641e-309
/media/jahaziel/Datos/proyectos/Smarketing/dataset/YouTubeVideos/Ding_Doesn't_Know_Chinese?/frames/second27_frame817.jpg,1.0,2.31189717423207e-309,2.19618820549941e-309,2.624546124963753e-309,2.38916498371411e-309,2.277577148590077e-309
/media/jahaziel/Datos/proyectos/Smarketing/dataset/YouTubeVideos/Ding_Doesn't_Know_Chinese?/frames/second27_frame824.jpg,1.0,2.320262540862026e-309,2.18262054561283e-309,2.597531964534436e-309,2.40790062719981e-309,2.26343940894705e-309
/media/jahaziel/Datos/proyectos/Smarketing/dataset/YouTubeVideos/Ding_Doesn't_Know_Chinese?/frames/second27_frame831.jpg,1.0,2.30059291402529e-309,2.19891195445086e-309,2.631825519687704e-309,2.39541953991543e-309,2.28996618222034e-309
/media/jahaziel/Datos/proyectos/Smarketing/dataset/YouTubeVideos/Ding_Doesn't_Know_Chinese?/frames/second27_frame839.jpg,1.0,2.309732802557547e-309,2.17660558584435e-309,2.595393110220617e-309,2.393249891115955e-309,2.25615766007657e-309
/media/jahaziel/Datos/proyectos/Smarketing/dataset/YouTubeVideos/Ding_Doesn't_Know_Chinese?/frames/second28_frame854.jpg,1.0,2.300957632205943e-309,2.174085627134434e-309,2.59247058405303e-309,2.3983446611472e-309,2.268013698878447e-309
/media/jahaziel/Datos/proyectos/Smarketing/dataset/YouTubeVideos/Ding_Doesn't_Know_Chinese?/frames/second28_frame861.jpg,1.0,2.315454303365296e-309,2.20468745223838e-309,2.629211540111835e-309,2.427218196218256e-309,2.30137025099613e-309
/media/jahaziel/Datos/proyectos/Smarketing/dataset/YouTubeVideos/Ding_Doesn't_Know_Chinese?/frames/second28_frame869.jpg,1.0,2.34563982218837e-309,2.1906634479958e-309,2.58814588879418e-309,2.456697154421853e-309,2.287679811805913e-309
/media/jahaziel/Datos/proyectos/Smarketing/dataset/YouTubeVideos/Ding_Doesn't_Know_Chinese?/frames/second29_frame877.jpg,1.0,2.29896928574193e-309,2.186001540922114e-309,2.606143457280357e-309,2.413292942872254e-309,2.29390037265528e-309
/media/jahaziel/Datos/proyectos/Smarketing/dataset/YouTubeVideos/Ding_Doesn't_Know_Chinese?/frames/second29_frame884.jpg,1.0,2.340674942528924e-309,2.225309885975477e-309,2.644037297011216e-309,2.46769090199372e-309,2.32766966438694e-309
/media/jahaziel/Datos/proyectos/Smarketing/dataset/YouTubeVideos/Ding_Doesn't_Know_Chinese?/frames/second29_frame891.jpg,1.0,2.31843734717668e-309,2.212764690003213e-309,2.63374414286478e-309,2.44126032874576e-309,2.324626110969717e-309
/media/jahaziel/Datos/proyectos/Smarketing/dataset/YouTubeVideos/Ding_Doesn't_Know_Chinese?/frames/second29_frame899.jpg,1.0,2.327044679121375e-309,2.21570044672946e-309,2.633732776613633e-309,2.453309571586246e-309,2.32351336469031e-309
/media/jahaziel/Datos/proyectos/Smarketing/dataset/YouTubeVideos/Ding_Doesn't_Know_Chinese?/frames/second2_frame67.jpg,2.15275184997429e-309,2.03893972382664e-309,1.0,7.22657140054559e-309,2.475359530682733e-309,2.50119500496714e-309
/media/jahaziel/Datos/proyectos/Smarketing/dataset/YouTubeVideos/Ding_Doesn't_Know_Chinese?/frames/second2_frame74.jpg,2.17787820809252e-309,2.04394379310415e-309,1.0,7.543911267667776e-309,2.466515524004867e-309,2.4865273838162e-309
/media/jahaziel/Datos/proyectos/Smarketing/dataset/YouTubeVideos/Ding_Doesn't_Know_Chinese?/frames/second2_frame81.jpg,2.167579145737607e-309,2.038111180224287e-309,1.0,7.440184139329805e-309,2.469178460836966e-309,2.49493129846415e-309
/media/jahaziel/Datos/proyectos/Smarketing/dataset/YouTubeVideos/Ding_Doesn't_Know_Chinese?/frames/second2_frame89.jpg,2.16926509005147e-309,2.032616778751357e-309,1.0,7.50317496031017e-309,2.466194974163124e-309,2.49698492728072e-309
/media/jahaziel/Datos/proyectos/Smarketing/dataset/YouTubeVideos/Ding_Doesn't_Know_Chinese?/frames/second30_frame907.jpg,1.0,2.290975668512385e-309,2.22099028061335e-309,2.65400459252719e-309,2.457076342515705e-309,2.37274324612407e-309
/media/jahaziel/Datos/proyectos/Smarketing/dataset/YouTubeVideos/Ding_Doesn't_Know_Chinese?/frames/second30_frame914.jpg,1.0,2.30066249570663e-309,2.21926615325335e-309,2.649943824084647e-309,2.45449988202005e-309,2.357075723931455e-309
/media/jahaziel/Datos/proyectos/Smarketing/dataset/YouTubeVideos/Ding_Doesn't_Know_Chinese?/frames/second30_frame921.jpg,1.0,2.29099409996949e-309,2.2240635793107e-309,2.6594762969376e-309,2.45200940458766e-309,2.37247909274351e-309
/media/jahaziel/Datos/proyectos/Smarketing/dataset/YouTubeVideos/Ding_Doesn't_Know_Chinese?/frames/second30_frame929.jpg,1.0,2.29282055334144e-309,2.22424099564798e-309,2.65918615510701e-309,2.45324134780624e-309,2.37083084813359e-309
/media/jahaziel/Datos/proyectos/Smarketing/dataset/YouTubeVideos/Ding_Doesn't_Know_Chinese?/frames/second31_frame944.jpg,0.893200348950957,0.015347503895834677,0.015239768124296074,0.018477501113175577,0.016103747535990424,0.016038430875715427
/media/jahaziel/Datos/proyectos/Smarketing/dataset/YouTubeVideos/Ding_Doesn't_Know_Chinese?/frames/second31_frame951.jpg,0.8807615314694657,0.015526481252215023,0.015457495542882012,0.018755298488517726,0.016302372261334495,0.016283805277667877
/media/jahaziel/Datos/proyectos/Smarketing/dataset/YouTubeVideos/Ding_Doesn't_Know_Chinese?/frames/second31_frame959.jpg,0.8714791709603174,0.017106227208815557,0.017032540428526123,0.02068482621145416,0.017940459897459054,0.017924834160519466
/media/jahaziel/Datos/proyectos/Smarketing/dataset/YouTubeVideos/Ding_Doesn't_Know_Chinese?/frames/second32_frame967.jpg,0.969363019492023,0.0031633192903118413,0.0031290881884197693,0.0037684988322842965,0.003360171331012597,0.0033218443020467856
/media/jahaziel/Datos/proyectos/Smarketing/dataset/YouTubeVideos/Ding_Doesn't_Know_Chinese?/frames/second32_frame974.jpg,1.0,2.285193695719715e-309,2.24496223760633e-309,2.69527713049894e-309,2.431866552162305e-309,2.38678926513564e-309
/media/jahaziel/Datos/proyectos/Smarketing/dataset/YouTubeVideos/Ding_Doesn't_Know_Chinese?/frames/second32_frame981.jpg,1.0,2.27915191258552e-309,2.246981275132223e-309,2.7036685484804e-309,2.4214399139654e-309,2.38513881666846e-309
/media/jahaziel/Datos/proyectos/Smarketing/dataset/YouTubeVideos/Ding_Doesn't_Know_Chinese?/frames/second32_frame989.jpg,0.9639713738022091,0.005095059228197849,0.005034852728697853,0.006055498302801569,0.005422283757903283,0.005353799481515248
/media/jahaziel/Datos/proyectos/Smarketing/dataset/YouTubeVideos/Ding_Doesn't_Know_Chinese?/frames/second33_frame1004.jpg,2.38363520829969e-309,1.0,2.04185101688293e-309,1.790595268391395e-309,2.853912699961676e-309,1.768156410207597e-309
/media/jahaziel/Datos/proyectos/Smarketing/dataset/YouTubeVideos/Ding_Doesn't_Know_Chinese?/frames/second33_frame1011.jpg,2.30920187348722e-309,1.0,2.00201506797911e-309,1.75326644119195e-309,2.743845474400777e-309,1.74867308323998e-309
/media/jahaziel/Datos/proyectos/Smarketing/dataset/YouTubeVideos/Ding_Doesn't_Know_Chinese?/frames/second33_frame1019.jpg,2.29158711885897e-309,1.0,1.99454714185063e-309,1.74578922725965e-309,2.72807069250577e-309,1.744340097283417e-309
/media/jahaziel/Datos/proyectos/Smarketing/dataset/YouTubeVideos/Ding_Doesn't_Know_Chinese?/frames/second33_frame997.jpg,1.0,2.284159345028855e-309,2.24376342241672e-309,2.6904889105373e-309,2.448632873453143e-309,2.398390189205864e-309
/media/jahaziel/Datos/proyectos/Smarketing/dataset/YouTubeVideos/Ding_Doesn't_Know_Chinese?/frames/second34_frame1027.jpg,2.317148809385964e-309,1.0,2.020938361333933e-309,1.76702223307908e-309,2.79494347899191e-309,1.754843630366733e-309
/media/jahaziel/Datos/proyectos/Smarketing/dataset/YouTubeVideos/Ding_Doesn't_Know_Chinese?/frames/second34_frame1034.jpg,0.009714190896147983,0.9070753798028839,0.00842385632664552,0.007369527754268161,0.011774541389018218,0.007314631905980116
/media/jahaziel/Datos/proyectos/Smarketing/dataset/YouTubeVideos/Ding_Doesn't_Know_Chinese?/frames/second34_frame1041.jpg,0.00955320039888724,0.9262167265609449,0.008198438897690933,0.007188262283022343,0.011554271955271662,0.007113700739226352
/media/jahaziel/Datos/proyectos/Smarketing/dataset/YouTubeVideos/Ding_Doesn't_Know_Chinese?/frames/second34_frame1049.jpg,0.011615695059312888,0.9151057808484927,0.010033857245805073,0.008787876624092522,0.014046674937248198,0.00870372270213495
/media/jahaziel/Datos/proyectos/Smarketing/dataset/YouTubeVideos/Ding_Doesn't_Know_Chinese?/frames/second35_frame1064.jpg,0.005443724107067554,0.9554070732027687,0.004671543949495384,0.004094626714887325,0.006506358149825068,0.004038260127721999
/media/jahaziel/Datos/proyectos/Smarketing/dataset/YouTubeVideos/Ding_Doesn't_Know_Chinese?/frames/second35_frame1071.jpg,2.373975627880575e-309,1.0,2.025977239624915e-309,1.778767591625113e-309,2.79667367255814e-309,1.76194969360506e-309
/media/jahaziel/Datos/proyectos/Smarketing/dataset/YouTubeVideos/Ding_Doesn't_Know_Chinese?/frames/second35_frame1079.jpg,2.382896294894354e-309,1.0,2.04065673193116e-309,1.78975359818937e-309,2.843266583003283e-309,1.768295415148007e-309
/media/jahaziel/Datos/proyectos/Smarketing/dataset/YouTubeVideos/Ding_Doesn't_Know_Chinese?/frames/second36_frame1087.jpg,0.00872816266712518,0.9452177759774422,0.007603845881447488,0.006646311268046746,0.010522890183826607,0.006588945211682341
/media/jahaziel/Datos/proyectos/Smarketing/dataset/YouTubeVideos/Ding_Doesn't_Know_Chinese?/frames/second36_frame1094.jpg,0.00709953497245853,0.8831661302111784,0.006133907601156818,0.005370214521654078,0.008574358290854678,0.0052973067966387045
/media/jahaziel/Datos/proyectos/Smarketing/dataset/YouTubeVideos/Ding_Doesn't_Know_Chinese?/frames/second36_frame1101.jpg,2.31990215464258e-309,1.0,2.007959360722757e-309,1.75823232712534e-309,2.76608158137736e-309,1.75472361342387e-309
/media/jahaziel/Datos/proyectos/Smarketing/dataset/YouTubeVideos/Ding_Doesn't_Know_Chinese?/frames/second36_frame1109.jpg,0.01181518401422218,0.831611553140182,0.010258624119065586,0.008969562575605036,0.014485855889035469,0.008964657433507515
/media/jahaziel/Datos/proyectos/Smarketing/dataset/YouTubeVideos/Ding_Doesn't_Know_Chinese?/frames/second37_frame1117.jpg,2.30567795604435e-309,1.0,1.9311180877494e-309,1.706907599524246e-309,2.63891693069527e-309,1.70793243355197e-309
/media/jahaziel/Datos/proyectos/Smarketing/dataset/YouTubeVideos/Ding_Doesn't_Know_Chinese?/frames/second37_frame1124.jpg,2.31402745067967e-309,1.0,1.93976380844478e-309,1.7142787957099e-309,2.64714445543084e-309,1.714130820883483e-309
/media/jahaziel/Datos/proyectos/Smarketing/dataset/YouTubeVideos/Ding_Doesn't_Know_Chinese?/frames/second37_frame1131.jpg,2.305583283599737e-309,1.0,1.950796445735906e-309,1.72053949240651e-309,2.648699233211063e-309,1.71600575454418e-309
/media/jahaziel/Datos/proyectos/Smarketing/dataset/YouTubeVideos/Ding_Doesn't_Know_Chinese?/frames/second37_frame1139.jpg,2.30817784434606e-309,1.0,1.938150653169793e-309,1.71203464872699e-309,2.649396154179694e-309,1.71119223816547e-309
/media/jahaziel/Datos/proyectos/Smarketing/dataset/YouTubeVideos/Ding_Doesn't_Know_Chinese?/frames/second38_frame1147.jpg,2.26374259328313e-309,1.0,1.93230798929717e-309,1.70079072716743e-309,2.65050682565687e-309,1.71140292778285e-309
/media/jahaziel/Datos/proyectos/Smarketing/dataset/YouTubeVideos/Ding_Doesn't_Know_Chinese?/frames/second38_frame1154.jpg,0.009572036293400862,0.9212079899494481,0.008249285422950954,0.0072451707492644105,0.011362886252717832,0.007320908036040664
/media/jahaziel/Datos/proyectos/Smarketing/dataset/YouTubeVideos/Ding_Doesn't_Know_Chinese?/frames/second38_frame1161.jpg,2.27268065672391e-309,1.0,1.95000561372392e-309,1.71405346928452e-309,2.66662022076106e-309,1.720260287222696e-309
/media/jahaziel/Datos/proyectos/Smarketing/dataset/YouTubeVideos/Ding_Doesn't_Know_Chinese?/frames/second38_frame1169.jpg,0.007460653398792779,0.9441997738643969,0.006407784897990261,0.005634632374345118,0.008766332999058537,0.005681319641337369
/media/jahaziel/Datos/proyectos/Smarketing/dataset/YouTubeVideos/Ding_Doesn't_Know_Chinese?/frames/second39_frame1184.jpg,0.00914484338080215,0.9187333749201518,0.0078837035029036,0.006925969934196164,0.010808328483480458,0.006991445327888645
/media/jahaziel/Datos/proyectos/Smarketing/dataset/YouTubeVideos/Ding_Doesn't_Know_Chinese?/frames/second39_frame1191.jpg,0.015077295226088718,0.8184986979948413,0.013150661843195905,0.011526575993446857,0.01795586201852096,0.011642815270998797
/media/jahaziel/Datos/proyectos/Smarketing/dataset/YouTubeVideos/Ding_Doesn't_Know_Chinese?/frames/second39_frame1199.jpg,0.013440210880568855,0.8331660735686022,0.011623789526961718,0.01020676849237292,0.01593531690501816,0.010331070886560477
/media/jahaziel/Datos/proyectos/Smarketing/dataset/YouTubeVideos/Ding_Doesn't_Know_Chinese?/frames/second3_frame104.jpg,2.12546183155078e-309,2.042091825726557e-309,1.0,6.78328976025537e-309,2.49483455870131e-309,2.52435516220452e-309
/media/jahaziel/Datos/proyectos/Smarketing/dataset/YouTubeVideos/Ding_Doesn't_Know_Chinese?/frames/second3_frame111.jpg,0.006336801488436911,0.006084924842698163,0.9109837326836577,0.02039027295599215,0.007368982788642735,0.007411436197955359
/media/jahaziel/Datos/proyectos/Smarketing/dataset/YouTubeVideos/Ding_Doesn't_Know_Chinese?/frames/second3_frame119.jpg,0.007194426477593115,0.006970848156931316,0.8883713049113333,0.02247557224946559,0.008491919020406104,0.00857758072064534
/media/jahaziel/Datos/proyectos/Smarketing/dataset/YouTubeVideos/Ding_Doesn't_Know_Chinese?/frames/second3_frame97.jpg,2.1555137567308e-309,2.052035731324565e-309,1.0,7.10518744765653e-309,2.48825920315601e-309,2.50918678148653e-309
/media/jahaziel/Datos/proyectos/Smarketing/dataset/YouTubeVideos/Ding_Doesn't_Know_Chinese?/frames/second40_frame1207.jpg,0.014084077332487439,0.9185429938513202,0.011471396206941587,0.010196005893042063,0.015383240315249926,0.009991737486980583
/media/jahaziel/Datos/proyectos/Smarketing/dataset/YouTubeVideos/Ding_Doesn't_Know_Chinese?/frames/second40_frame1214.jpg,0.01705165697030727,0.8897382805663292,0.013817825020586151,0.012292201042087341,0.018565797201573767,0.012042660893322019
/media/jahaziel/Datos/proyectos/Smarketing/dataset/YouTubeVideos/Ding_Doesn't_Know_Chinese?/frames/second40_frame1221.jpg,2.38808641240865e-309,1.0,1.963240281300873e-309,1.742279507338276e-309,2.630322302295573e-309,1.717551227332046e-309
/media/jahaziel/Datos/proyectos/Smarketing/dataset/YouTubeVideos/Ding_Doesn't_Know_Chinese?/frames/second40_frame1229.jpg,0.013802219661225159,0.8948845618935918,0.011180879452892875,0.00995253088262382,0.014968562106701565,0.00975300137641095
/media/jahaziel/Datos/proyectos/Smarketing/dataset/YouTubeVideos/Ding_Doesn't_Know_Chinese?/frames/second41_frame1237.jpg,0.038244163239810745,0.7484337921660787,0.03025375054538204,0.02698537242510147,0.04216151863215775,0.026486614950617056
/media/jahaziel/Datos/proyectos/Smarketing/dataset/YouTubeVideos/Ding_Doesn't_Know_Chinese?/frames/second41_frame1244.jpg,0.04023639542435506,0.6845664984394699,0.03175436295076233,0.028327610574692408,0.044437713104418214,0.027780843091921574
/media/jahaziel/Datos/proyectos/Smarketing/dataset/YouTubeVideos/Ding_Doesn't_Know_Chinese?/frames/second41_frame1251.jpg,0.038744363161029964,0.7335664474666086,0.030897379065959674,0.027510058560136923,0.042895823943105704,0.026948431755664415
/media/jahaziel/Datos/proyectos/Smarketing/dataset/YouTubeVideos/Ding_Doesn't_Know_Chinese?/frames/second41_frame1259.jpg,0.03977512124468835,0.7132747091726904,0.03146175327101518,0.028053818850505667,0.044005694603676364,0.027541399219217406
/media/jahaziel/Datos/proyectos/Smarketing/dataset/YouTubeVideos/Ding_Doesn't_Know_Chinese?/frames/second42_frame1274.jpg,2.32827493484044e-309,1.0,1.851523312464285e-309,1.65608476398566e-309,2.56540795685177e-309,1.660090195261723e-309
/media/jahaziel/Datos/proyectos/Smarketing/dataset/YouTubeVideos/Ding_Doesn't_Know_Chinese?/frames/second42_frame1281.jpg,2.31464953712278e-309,1.0,1.88438157245858e-309,1.677169913017667e-309,2.583513219251354e-309,1.677672132935193e-309
/media/jahaziel/Datos/proyectos/Smarketing/dataset/YouTubeVideos/Ding_Doesn't_Know_Chinese?/frames/second42_frame1289.jpg,2.31164005053072e-309,1.0,1.85972505259349e-309,1.660144411406226e-309,2.556665787197905e-309,1.661541224436325e-309
/media/jahaziel/Datos/proyectos/Smarketing/dataset/YouTubeVideos/Ding_Doesn't_Know_Chinese?/frames/second43_frame1297.jpg,2.31551585048775e-309,1.0,1.84140688190812e-309,1.64721045001664e-309,2.56046068703683e-309,1.653709053886587e-309
/media/jahaziel/Datos/proyectos/Smarketing/dataset/YouTubeVideos/Ding_Doesn't_Know_Chinese?/frames/second43_frame1304.jpg,2.37995571289389e-309,1.0,1.97983462987526e-309,1.74710021042585e-309,2.836716170770732e-309,1.74014638052831e-309
/media/jahaziel/Datos/proyectos/Smarketing/dataset/YouTubeVideos/Ding_Doesn't_Know_Chinese?/frames/second43_frame1311.jpg,2.295394041561356e-309,1.0,1.894869305350645e-309,1.681183349373816e-309,2.59882310428425e-309,1.685369135515884e-309
/media/jahaziel/Datos/proyectos/Smarketing/dataset/YouTubeVideos/Ding_Doesn't_Know_Chinese?/frames/second43_frame1319.jpg,2.38674423843257e-309,1.0,1.88737194804405e-309,1.68563416145646e-309,2.70466250928536e-309,1.687195409295226e-309
/media/jahaziel/Datos/proyectos/Smarketing/dataset/YouTubeVideos/Ding_Doesn't_Know_Chinese?/frames/second44_frame1327.jpg,2.34417178555635e-309,1.0,1.848686712763424e-309,1.6558756254762e-309,2.580345106117917e-309,1.657719849090924e-309
/media/jahaziel/Datos/proyectos/Smarketing/dataset/YouTubeVideos/Ding_Doesn't_Know_Chinese?/frames/second44_frame1334.jpg,0.01467386413843949,0.8047290011071183,0.011164795042376592,0.010064876426050208,0.015901279939348742,0.010090647116995963
/media/jahaziel/Datos/proyectos/Smarketing/dataset/YouTubeVideos/Ding_Doesn't_Know_Chinese?/frames/second44_frame1341.jpg,2.413566232747896e-309,1.0,1.867421858225024e-309,1.67585964444721e-309,2.66977145876762e-309,1.673127465916687e-309
/media/jahaziel/Datos/proyectos/Smarketing/dataset/YouTubeVideos/Ding_Doesn't_Know_Chinese?/frames/second44_frame1349.jpg,0.0184430102278691,0.7515376323287725,0.014016978076408977,0.012634937417144672,0.0200154022845707,0.012641076926941315
/media/jahaziel/Datos/proyectos/Smarketing/dataset/YouTubeVideos/Ding_Doesn't_Know_Chinese?/frames/second45_frame1357.jpg,0.025168118151385553,0.8478330147442686,0.018852910474791748,0.01702379161977352,0.02690866775101353,0.016868647660042875
/media/jahaziel/Datos/proyectos/Smarketing/dataset/YouTubeVideos/Ding_Doesn't_Know_Chinese?/frames/second45_frame1364.jpg,0.025024813140154787,0.8421089643968196,0.018697461804439933,0.016894051374054444,0.026716160618010448,0.016749976470226
/media/jahaziel/Datos/proyectos/Smarketing/dataset/YouTubeVideos/Ding_Doesn't_Know_Chinese?/frames/second45_frame1371.jpg,0.024763342428584984,0.8035815896748579,0.018466337898445855,0.016700814193822994,0.026323093126578757,0.016570806182569692
/media/jahaziel/Datos/proyectos/Smarketing/dataset/YouTubeVideos/Ding_Doesn't_Know_Chinese?/frames/second45_frame1379.jpg,0.026321405844703924,0.827642924186632,0.019651801445411787,0.017757995548703068,0.028054056562132564,0.017595116006003397
/media/jahaziel/Datos/proyectos/Smarketing/dataset/YouTubeVideos/Ding_Doesn't_Know_Chinese?/frames/second46_frame1387.jpg,0.019464101758474763,0.6677278994155981,0.014711530349294044,0.01326908356130664,0.0214649967475995,0.013410054235345756
/media/jahaziel/Datos/proyectos/Smarketing/dataset/YouTubeVideos/Ding_Doesn't_Know_Chinese?/frames/second46_frame1394.jpg,0.017682651898785172,0.7629015240103143,0.013473809509850375,0.012120175439456192,0.01971360574570133,0.012215527846870628
/media/jahaziel/Datos/proyectos/Smarketing/dataset/YouTubeVideos/Ding_Doesn't_Know_Chinese?/frames/second46_frame1401.jpg,2.3720093726398e-309,1.0,1.95659816103118e-309,1.729714699662e-309,2.822439843329517e-309,1.73205449085026e-309
/media/jahaziel/Datos/proyectos/Smarketing/dataset/YouTubeVideos/Ding_Doesn't_Know_Chinese?/frames/second46_frame1409.jpg,2.37378020560942e-309,1.0,1.933296000224373e-309,1.713953832228186e-309,2.80518804746542e-309,1.719874559031506e-309
/media/jahaziel/Datos/proyectos/Smarketing/dataset/YouTubeVideos/Ding_Doesn't_Know_Chinese?/frames/second47_frame1417.jpg,2.34027012979622e-309,1.0,1.82161553504093e-309,1.634008791119715e-309,2.620034103489227e-309,1.656250568173214e-309
/media/jahaziel/Datos/proyectos/Smarketing/dataset/YouTubeVideos/Ding_Doesn't_Know_Chinese?/frames/second47_frame1424.jpg,2.376450836995527e-309,1.0,1.8385958933654e-309,1.652261548729986e-309,2.595521352507374e-309,1.65630456930174e-309
/media/jahaziel/Datos/proyectos/Smarketing/dataset/YouTubeVideos/Ding_Doesn't_Know_Chinese?/frames/second47_frame1431.jpg,2.35779915711248e-309,1.0,1.825048816862726e-309,1.63862662924929e-309,2.62685474238418e-309,1.6581197939263e-309
/media/jahaziel/Datos/proyectos/Smarketing/dataset/YouTubeVideos/Ding_Doesn't_Know_Chinese?/frames/second47_frame1439.jpg,0.013470160936882929,0.7877860709605558,0.010269925532873229,0.009248936088898296,0.014878719315895694,0.009349631617138594
/media/jahaziel/Datos/proyectos/Smarketing/dataset/YouTubeVideos/Ding_Doesn't_Know_Chinese?/frames/second48_frame1447.jpg,0.014472090141701052,0.7708005387313587,0.010989279505488319,0.009905548834489623,0.01588374851834291,0.010006739759774877
/media/jahaziel/Datos/proyectos/Smarketing/dataset/YouTubeVideos/Ding_Doesn't_Know_Chinese?/frames/second48_frame1454.jpg,0.02206192163909945,0.6455817998298885,0.016496339905000528,0.014910138171312549,0.023907746244998602,0.015005242703366273
/media/jahaziel/Datos/proyectos/Smarketing/dataset/YouTubeVideos/Ding_Doesn't_Know_Chinese?/frames/second48_frame1461.jpg,0.01776246390583081,0.7650816468844513,0.013437192471848101,0.012110754163747121,0.019537487195356962,0.012181032245424024
/media/jahaziel/Datos/proyectos/Smarketing/dataset/YouTubeVideos/Ding_Doesn't_Know_Chinese?/frames/second48_frame1469.jpg,0.02329836294848069,0.582922587141448,0.01731078100413053,0.015657561493875687,0.025385766185613483,0.01587819639497005
/media/jahaziel/Datos/proyectos/Smarketing/dataset/YouTubeVideos/Ding_Doesn't_Know_Chinese?/frames/second49_frame1477.jpg,0.015312995979234901,0.7584519071315475,0.011744140054922384,0.010569939051034717,0.017054029775156354,0.010730042018668354
/media/jahaziel/Datos/proyectos/Smarketing/dataset/YouTubeVideos/Ding_Doesn't_Know_Chinese?/frames/second49_frame1484.jpg,0.021444606203112365,0.60865586213666,0.016128072781841016,0.014564313571826549,0.023592225915578562,0.014760146140284154
/media/jahaziel/Datos/proyectos/Smarketing/dataset/YouTubeVideos/Ding_Doesn't_Know_Chinese?/frames/second49_frame1491.jpg,0.021211090494172215,0.6174921500004781,0.01608647853080949,0.014504262983148223,0.02364419690935626,0.01475132020015796
/media/jahaziel/Datos/proyectos/Smarketing/dataset/YouTubeVideos/Ding_Doesn't_Know_Chinese?/frames/second49_frame1499.jpg,0.0215041730512646,0.6039843600976175,0.016208013912794195,0.014628611754657716,0.023846961893118464,0.014868751140104148
/media/jahaziel/Datos/proyectos/Smarketing/dataset/YouTubeVideos/Ding_Doesn't_Know_Chinese?/frames/second6_frame194.jpg,2.12741129608361e-309,1.960521731987093e-309,1.0,7.711930203696917e-309,2.438390948587047e-309,2.499303877088252e-309
/media/jahaziel/Datos/proyectos/Smarketing/dataset/YouTubeVideos/Ding_Doesn't_Know_Chinese?/frames/second6_frame201.jpg,2.48525582124531e-309,1.799531130004225e-309,8.15643325635998e-309,1.0,2.13544862421658e-309,2.38603056432965e-309
/media/jahaziel/Datos/proyectos/Smarketing/dataset/YouTubeVideos/Ding_Doesn't_Know_Chinese?/frames/second6_frame209.jpg,2.12034953450571e-309,2.013552624886413e-309,1.0,7.01820757986648e-309,2.473417408371144e-309,2.50828875799131e-309
/media/jahaziel/Datos/proyectos/Smarketing/dataset/YouTubeVideos/Ding_Doesn't_Know_Chinese?/frames/second70_frame2107.jpg,2.19574846779813e-309,1.602354697354754e-309,2.4813891062523e-309,2.388545360953406e-309,2.428151098170184e-309,1.0
/media/jahaziel/Datos/proyectos/Smarketing/dataset/YouTubeVideos/Ding_Doesn't_Know_Chinese?/frames/second70_frame2114.jpg,2.224518375979495e-309,1.60926104022109e-309,2.476127479733265e-309,2.396412703633274e-309,2.44010862064202e-309,1.0
/media/jahaziel/Datos/proyectos/Smarketing/dataset/YouTubeVideos/Ding_Doesn't_Know_Chinese?/frames/second70_frame2121.jpg,0.0075146466629061656,0.005463844605694625,0.00842932744075731,0.008124374890001326,0.008335371352438767,0.9621324350482019
/media/jahaziel/Datos/proyectos/Smarketing/dataset/YouTubeVideos/Ding_Doesn't_Know_Chinese?/frames/second70_frame2129.jpg,2.21011311883582e-309,1.6046534702389e-309,2.48044600293937e-309,2.395108198942157e-309,2.434865687136694e-309,1.0
/media/jahaziel/Datos/proyectos/Smarketing/dataset/YouTubeVideos/Ding_Doesn't_Know_Chinese?/frames/second71_frame2137.jpg,0.010462918100240281,0.007713403379538164,0.011591325368965956,0.011141781301964849,0.011308430451745378,0.9477821413975455
/media/jahaziel/Datos/proyectos/Smarketing/dataset/YouTubeVideos/Ding_Doesn't_Know_Chinese?/frames/second71_frame2144.jpg,0.007656863466615032,0.005699959385833416,0.008528925594864973,0.008140402307905149,0.008388272197830728,0.9615855770469507
/media/jahaziel/Datos/proyectos/Smarketing/dataset/YouTubeVideos/Ding_Doesn't_Know_Chinese?/frames/second71_frame2151.jpg,2.15901493265235e-309,1.593133419474205e-309,2.40653511040136e-309,2.309196999141923e-309,2.35664827315848e-309,1.0
/media/jahaziel/Datos/proyectos/Smarketing/dataset/YouTubeVideos/Ding_Doesn't_Know_Chinese?/frames/second71_frame2159.jpg,2.150654251135496e-309,1.59340674883287e-309,2.39795303290647e-309,2.29594420333337e-309,2.349898554705047e-309,1.0
/media/jahaziel/Datos/proyectos/Smarketing/dataset/YouTubeVideos/Ding_Doesn't_Know_Chinese?/frames/second72_frame2167.jpg,0.006708904546690669,0.004782396243131864,0.007332508546227019,0.007160243867748549,0.007251822598534155,0.9667641241976678
/media/jahaziel/Datos/proyectos/Smarketing/dataset/YouTubeVideos/Ding_Doesn't_Know_Chinese?/frames/second72_frame2174.jpg,2.244958169470725e-309,1.604616408707927e-309,2.450366293774247e-309,2.39213525999287e-309,2.42483041467152e-309,1.0
/media/jahaziel/Datos/proyectos/Smarketing/dataset/YouTubeVideos/Ding_Doesn't_Know_Chinese?/frames/second72_frame2181.jpg,0.005335724924162747,0.0038138894130624362,0.005844452838899151,0.005697439442257437,0.005781874974523061,0.9735266184070951
/media/jahaziel/Datos/proyectos/Smarketing/dataset/YouTubeVideos/Ding_Doesn't_Know_Chinese?/frames/second72_frame2189.jpg,2.250013012309365e-309,1.604691919673933e-309,2.463111182154656e-309,2.40676371027211e-309,2.42093893793488e-309,1.0
/media/jahaziel/Datos/proyectos/Smarketing/dataset/YouTubeVideos/Ding_Doesn't_Know_Chinese?/frames/second53_frame1604.jpg,0.011102933768400748,0.013189599148852392,0.010275652480862364,0.009163129622872211,0.9265667717145577,0.011888499976963065
/media/jahaziel/Datos/proyectos/Smarketing/dataset/YouTubeVideos/Ding_Doesn't_Know_Chinese?/frames/second53_frame1611.jpg,2.325161055782977e-309,2.764925608613117e-309,2.220758698254576e-309,1.97285300109283e-309,1.0,2.56176591707866e-309
/media/jahaziel/Datos/proyectos/Smarketing/dataset/YouTubeVideos/Ding_Doesn't_Know_Chinese?/frames/second53_frame1619.jpg,2.3139012555841e-309,2.749399333574564e-309,2.20920590998198e-309,1.96396711778895e-309,1.0,2.554943380619107e-309
/media/jahaziel/Datos/proyectos/Smarketing/dataset/YouTubeVideos/Ding_Doesn't_Know_Chinese?/frames/second54_frame1627.jpg,2.336799433717107e-309,2.795262515067113e-309,2.254916530768737e-309,1.994063802757354e-309,1.0,2.590400175903835e-309
/media/jahaziel/Datos/proyectos/Smarketing/dataset/YouTubeVideos/Ding_Doesn't_Know_Chinese?/frames/second54_frame1634.jpg,2.35583124789839e-309,2.838657233223943e-309,2.237811910896637e-309,1.98316468654784e-309,1.0,2.55015604425605e-309
/media/jahaziel/Datos/proyectos/Smarketing/dataset/YouTubeVideos/Ding_Doesn't_Know_Chinese?/frames/second54_frame1641.jpg,2.36757348850691e-309,2.844255886139563e-309,2.237731683514997e-309,1.98547651713646e-309,1.0,2.55165059625757e-309
/media/jahaziel/Datos/proyectos/Smarketing/dataset/YouTubeVideos/Ding_Doesn't_Know_Chinese?/frames/second54_frame1649.jpg,2.367679096665145e-309,2.85011275494404e-309,2.24934746278903e-309,1.993038683619945e-309,1.0,2.552120861212183e-309
/media/jahaziel/Datos/proyectos/Smarketing/dataset/YouTubeVideos/Ding_Doesn't_Know_Chinese?/frames/second55_frame1657.jpg,2.358534260320345e-309,2.846917974492235e-309,2.240732690763858e-309,1.98398137209509e-309,1.0,2.548293059876307e-309
/media/jahaziel/Datos/proyectos/Smarketing/dataset/YouTubeVideos/Ding_Doesn't_Know_Chinese?/frames/second55_frame1664.jpg,2.34208167720577e-309,2.821641943308375e-309,2.25031249837658e-309,1.987717075413076e-309,1.0,2.57398936623734e-309
/media/jahaziel/Datos/proyectos/Smarketing/dataset/YouTubeVideos/Ding_Doesn't_Know_Chinese?/frames/second55_frame1671.jpg,2.31579172168541e-309,2.76262194116022e-309,2.257909346219414e-309,1.99265624359211e-309,1.0,2.6074210673403e-309
/media/jahaziel/Datos/proyectos/Smarketing/dataset/YouTubeVideos/Ding_Doesn't_Know_Chinese?/frames/second55_frame1679.jpg,2.314984234446445e-309,2.77083743258893e-309,2.26919269017627e-309,1.998685428242865e-309,1.0,2.61524309685862e-309
/media/jahaziel/Datos/proyectos/Smarketing/dataset/YouTubeVideos/Ding_Doesn't_Know_Chinese?/frames/second56_frame1687.jpg,2.31662569477266e-309,2.770826180029254e-309,2.271809688155575e-309,2.000893874912154e-309,1.0,2.61672050941498e-309
/media/jahaziel/Datos/proyectos/Smarketing/dataset/YouTubeVideos/Ding_Doesn't_Know_Chinese?/frames/second56_frame1694.jpg,2.30627511208827e-309,2.79623574165954e-309,2.245372777593953e-309,1.978654891188846e-309,1.0,2.559658866920803e-309
/media/jahaziel/Datos/proyectos/Smarketing/dataset/YouTubeVideos/Ding_Doesn't_Know_Chinese?/frames/second56_frame1701.jpg,2.3045199510601e-309,2.70578333755348e-309,2.30111597167741e-309,2.026298529045227e-309,1.0,2.690441244947273e-309
/media/jahaziel/Datos/proyectos/Smarketing/dataset/YouTubeVideos/Ding_Doesn't_Know_Chinese?/frames/second56_frame1709.jpg,2.30618920961045e-309,2.709613909220694e-309,2.292146788456095e-309,2.0204643488614e-309,1.0,2.6775236204753e-309
/media/jahaziel/Datos/proyectos/Smarketing/dataset/YouTubeVideos/Ding_Doesn't_Know_Chinese?/frames/second57_frame1724.jpg,2.29275040768142e-309,2.65315363320992e-309,2.338875618835753e-309,2.052272708845167e-309,1.0,2.75315512025711e-309
/media/jahaziel/Datos/proyectos/Smarketing/dataset/YouTubeVideos/Ding_Doesn't_Know_Chinese?/frames/second57_frame1731.jpg,2.272641445039775e-309,2.63013387331357e-309,2.3181671249797e-309,2.035815545851944e-309,1.0,2.740364920576723e-309
/media/jahaziel/Datos/proyectos/Smarketing/dataset/YouTubeVideos/Ding_Doesn't_Know_Chinese?/frames/second57_frame1739.jpg,2.28343699625942e-309,2.643794942883663e-309,2.33701647508281e-309,2.048364826506466e-309,1.0,2.76208991025244e-309
/media/jahaziel/Datos/proyectos/Smarketing/dataset/YouTubeVideos/Ding_Doesn't_Know_Chinese?/frames/second58_frame1747.jpg,2.29061955482019e-309,2.64571521315477e-309,2.359064420039294e-309,2.06315746535057e-309,1.0,2.791093340281056e-309
/media/jahaziel/Datos/proyectos/Smarketing/dataset/YouTubeVideos/Ding_Doesn't_Know_Chinese?/frames/second58_frame1754.jpg,0.00776333757647358,0.008956794385024286,0.008066338207616616,0.00703276922963004,0.90301132737065,0.009591698974793705
/media/jahaziel/Datos/proyectos/Smarketing/dataset/YouTubeVideos/Ding_Doesn't_Know_Chinese?/frames/second58_frame1761.jpg,2.294192173731754e-309,2.65648667839914e-309,2.35917522331604e-309,2.06284371984791e-309,1.0,2.789172461274335e-309
/media/jahaziel/Datos/proyectos/Smarketing/dataset/YouTubeVideos/Ding_Doesn't_Know_Chinese?/frames/second58_frame1769.jpg,0.0026487747437298897,0.0030471755978145033,0.0027859247339605325,0.0024200384283404198,0.9675854842697286,0.003325777614813365
/media/jahaziel/Datos/proyectos/Smarketing/dataset/YouTubeVideos/Ding_Doesn't_Know_Chinese?/frames/second59_frame1777.jpg,2.28208478933813e-309,2.623497873282943e-309,2.395022600842986e-309,2.08281311077294e-309,1.0,2.853096937162834e-309
/media/jahaziel/Datos/proyectos/Smarketing/dataset/YouTubeVideos/Ding_Doesn't_Know_Chinese?/frames/second59_frame1784.jpg,0.009635397314947114,0.0110053713330417,0.010231548246001095,0.008859950864027502,0.9070185666403991,0.012339494253267108
/media/jahaziel/Datos/proyectos/Smarketing/dataset/YouTubeVideos/Ding_Doesn't_Know_Chinese?/frames/second59_frame1791.jpg,0.005627742634253526,0.006469664282102776,0.005949647535037454,0.00516880008712711,0.9372166304526501,0.007048193636256697
/media/jahaziel/Datos/proyectos/Smarketing/dataset/YouTubeVideos/Ding_Doesn't_Know_Chinese?/frames/second59_frame1799.jpg,2.279436520037334e-309,2.60923502536598e-309,2.405686457925535e-309,2.089971461042914e-309,1.0,2.873175647729e-309
/media/jahaziel/Datos/proyectos/Smarketing/dataset/YouTubeVideos/Ding_Doesn't_Know_Chinese?/frames/second5_frame157.jpg,2.11550605627759e-309,1.925706170586387e-309,1.0,7.8798619684636e-309,2.422152613654344e-309,2.508388038446893e-309
/media/jahaziel/Datos/proyectos/Smarketing/dataset/YouTubeVideos/Ding_Doesn't_Know_Chinese?/frames/second5_frame164.jpg,2.121243580376e-309,1.937315304133084e-309,1.0,7.867323243156824e-309,2.42707953989639e-309,2.500288847153004e-309
/media/jahaziel/Datos/proyectos/Smarketing/dataset/YouTubeVideos/Ding_Doesn't_Know_Chinese?/frames/second5_frame171.jpg,2.11396619864397e-309,1.925866746875504e-309,1.0,7.86950759080491e-309,2.423422665994985e-309,2.50454705251047e-309
/media/jahaziel/Datos/proyectos/Smarketing/dataset/YouTubeVideos/Ding_Doesn't_Know_Chinese?/frames/second5_frame179.jpg,2.117558535747415e-309,1.933245390343077e-309,1.0,7.839870827177297e-309,2.428101494458027e-309,2.503755075378076e-309
/media/jahaziel/Datos/proyectos/Smarketing/dataset/YouTubeVideos/Ding_Doesn't_Know_Chinese?/frames/second60_frame1814.jpg,0.011443288064105678,0.01289977958596516,0.01194062458882346,0.010377624220199349,0.8332908635257634,0.01478488206716796
/media/jahaziel/Datos/proyectos/Smarketing/dataset/YouTubeVideos/Ding_Doesn't_Know_Chinese?/frames/second60_frame1821.jpg,2.294209692868137e-309,2.585111899069615e-309,2.43636826303267e-309,2.11016517927876e-309,1.0,2.994146464458486e-309
/media/jahaziel/Datos/proyectos/Smarketing/dataset/YouTubeVideos/Ding_Doesn't_Know_Chinese?/frames/second60_frame1829.jpg,0.005105062237113596,0.005738094982554083,0.005450862946313293,0.004713536371682052,0.9304870410215553,0.006730774166635411
/media/jahaziel/Datos/proyectos/Smarketing/dataset/YouTubeVideos/Ding_Doesn't_Know_Chinese?/frames/second61_frame1837.jpg,2.26641367753896e-309,2.543614856063673e-309,2.472766875218027e-309,2.128557239164446e-309,1.0,3.042082298856677e-309
/media/jahaziel/Datos/proyectos/Smarketing/dataset/YouTubeVideos/Ding_Doesn't_Know_Chinese?/frames/second61_frame1844.jpg,0.00708240278902301,0.007921195587053918,0.007791420703903989,0.00669076029986796,0.9593652358569177,0.009628918009787747
/media/jahaziel/Datos/proyectos/Smarketing/dataset/YouTubeVideos/Ding_Doesn't_Know_Chinese?/frames/second61_frame1851.jpg,2.26631043827434e-309,2.552335242369374e-309,2.47337672261957e-309,2.12542790666418e-309,1.0,3.06302543445773e-309
/media/jahaziel/Datos/proyectos/Smarketing/dataset/YouTubeVideos/Ding_Doesn't_Know_Chinese?/frames/second61_frame1859.jpg,0.013597141726149498,0.015261551387489674,0.015138492940788529,0.012935356577059019,0.8728552637504509,0.01891441713170242
/media/jahaziel/Datos/proyectos/Smarketing/dataset/YouTubeVideos/Ding_Doesn't_Know_Chinese?/frames/second62_frame1867.jpg,0.01691226162038831,0.018781603865634912,0.018866045005294443,0.0161339735879661,0.8453854191052568,0.02352620182925628
/media/jahaziel/Datos/proyectos/Smarketing/dataset/YouTubeVideos/Ding_Doesn't_Know_Chinese?/frames/second62_frame1874.jpg,0.02330000923523777,0.025900081195824928,0.026309425604042255,0.022395162890617385,0.7494862004629066,0.03326198389745127
/media/jahaziel/Datos/proyectos/Smarketing/dataset/YouTubeVideos/Ding_Doesn't_Know_Chinese?/frames/second62_frame1881.jpg,0.02351949362908553,0.0260525440795767,0.02665188446374972,0.022712827215742686,0.7489497201516937,0.033515960594783005
/media/jahaziel/Datos/proyectos/Smarketing/dataset/YouTubeVideos/Ding_Doesn't_Know_Chinese?/frames/second62_frame1889.jpg,0.0229972754036721,0.025579696123515447,0.025973463009592034,0.022108703931456343,0.7474773635511568,0.03283684120015831
/media/jahaziel/Datos/proyectos/Smarketing/dataset/YouTubeVideos/Ding_Doesn't_Know_Chinese?/frames/second63_frame1897.jpg,0.023630157813715826,0.026297988734320977,0.02676445318258056,0.022770905035444895,0.7494051742085255,0.03382057605240156
/media/jahaziel/Datos/proyectos/Smarketing/dataset/YouTubeVideos/Ding_Doesn't_Know_Chinese?/frames/second63_frame1904.jpg,0.028168629480523854,0.03125803768141249,0.0321596596786957,0.0273116413410676,0.7544354870976122,0.040791958871210995
/media/jahaziel/Datos/proyectos/Smarketing/dataset/YouTubeVideos/Ding_Doesn't_Know_Chinese?/frames/second63_frame1911.jpg,0.02709058094672657,0.030319711494786305,0.0309950725228558,0.026286759621374202,0.716734687078435,0.03932026621150578
/media/jahaziel/Datos/proyectos/Smarketing/dataset/YouTubeVideos/Ding_Doesn't_Know_Chinese?/frames/second63_frame1919.jpg,0.03077663772789647,0.03381403877623138,0.035277315533216516,0.029942776700049314,0.676819432084737,0.045066628948901566
/media/jahaziel/Datos/proyectos/Smarketing/dataset/YouTubeVideos/Ding_Doesn't_Know_Chinese?/frames/second64_frame1934.jpg,0.035675710639613195,0.03833015113794464,0.04168732192748906,0.035272654409735586,0.4896040691845194,0.05393578685318667
/media/jahaziel/Datos/proyectos/Smarketing/dataset/YouTubeVideos/Ding_Doesn't_Know_Chinese?/frames/second64_frame1941.jpg,0.03606535541583916,0.0386456318066285,0.04226536992849365,0.03573023854027966,0.46516721783142617,0.05484578872822566
/media/jahaziel/Datos/proyectos/Smarketing/dataset/YouTubeVideos/Ding_Doesn't_Know_Chinese?/frames/second64_frame1949.jpg,0.03685767844504515,0.039249148270531296,0.04371080193945674,0.03683021300209767,0.4014528422626341,0.057031473885171984
/media/jahaziel/Datos/proyectos/Smarketing/dataset/YouTubeVideos/Ding_Doesn't_Know_Chinese?/frames/second65_frame1957.jpg,0.03696016253599075,0.03929193652835759,0.043931480349128985,0.03699602392854227,0.388962173203609,0.05742626564521875
/media/jahaziel/Datos/proyectos/Smarketing/dataset/YouTubeVideos/Ding_Doesn't_Know_Chinese?/frames/second65_frame1964.jpg,0.03707436679503852,0.03936442522241109,0.04423707513339412,0.037203423310007394,0.3729680708904023,0.057908462557007996
/media/jahaziel/Datos/proyectos/Smarketing/dataset/YouTubeVideos/Ding_Doesn't_Know_Chinese?/frames/second65_frame1971.jpg,0.037218436182498385,0.03940515970534765,0.04474505647973414,0.03752868472119489,0.3425001614088333,0.05876982785502162
/media/jahaziel/Datos/proyectos/Smarketing/dataset/YouTubeVideos/Ding_Doesn't_Know_Chinese?/frames/second65_frame1979.jpg,0.03717912373001005,0.03935616541042855,0.045270241005917006,0.03779879576022494,0.3114310136649102,0.05943708276250043
/media/jahaziel/Datos/proyectos/Smarketing/dataset/YouTubeVideos/Ding_Doesn't_Know_Chinese?/frames/second66_frame1987.jpg,0.03688608181023865,0.03861371001208659,0.04540027857821099,0.03781269395343743,0.2667764769226264,0.060343952935559185
/media/jahaziel/Datos/proyectos/Smarketing/dataset/YouTubeVideos/Ding_Doesn't_Know_Chinese?/frames/second66_frame1994.jpg,0.03677627368352929,0.03846083764027903,0.045406255036238546,0.037778000522496094,0.25910204363505385,0.06044581350276083
/media/jahaziel/Datos/proyectos/Smarketing/dataset/YouTubeVideos/Ding_Doesn't_Know_Chinese?/frames/second66_frame2001.jpg,0.035861119781499515,0.037073883914239374,0.045118252843363314,0.03733307846746098,0.21265502096934885,0.06084184652408241
/media/jahaziel/Datos/proyectos/Smarketing/dataset/YouTubeVideos/Ding_Doesn't_Know_Chinese?/frames/second66_frame2009.jpg,2.507382541382643e-309,1.78327945302188e-309,7.64961356280371e-309,1.0,2.148731623030283e-309,2.348962324345446e-309
/media/jahaziel/Datos/proyectos/Smarketing/dataset/YouTubeVideos/Ding_Doesn't_Know_Chinese?/frames/second67_frame2017.jpg,0.021909233877128193,0.022525357600322975,0.05171667189850294,0.03693608841549316,0.044429004354074327,0.04745859703221556
/media/jahaziel/Datos/proyectos/Smarketing/dataset/YouTubeVideos/Ding_Doesn't_Know_Chinese?/frames/second67_frame2024.jpg,0.046599991479562425,0.035511119852077784,0.0524365642440888,0.048513621596285396,0.057891735473257974,0.7323320898150105
/media/jahaziel/Datos/proyectos/Smarketing/dataset/YouTubeVideos/Ding_Doesn't_Know_Chinese?/frames/second67_frame2031.jpg,0.04646982264181202,0.03558125768619118,0.05227843049485209,0.048217601294053655,0.05808519108412794,0.759367696798963
/media/jahaziel/Datos/proyectos/Smarketing/dataset/YouTubeVideos/Ding_Doesn't_Know_Chinese?/frames/second67_frame2039.jpg,0.04075747005339535,0.03163460353176612,0.04590394486624141,0.04194945391678107,0.05211058431198374,0.7876439433198323
/media/jahaziel/Datos/proyectos/Smarketing/dataset/YouTubeVideos/Ding_Doesn't_Know_Chinese?/frames/second68_frame2047.jpg,0.04636566193608923,0.035759445332702804,0.05205626402205409,0.04769261245717699,0.058733103565210096,0.7593929126867668
/media/jahaziel/Datos/proyectos/Smarketing/dataset/YouTubeVideos/Ding_Doesn't_Know_Chinese?/frames/second68_frame2054.jpg,0.0457802874230344,0.03523758305475327,0.05155720092489019,0.047284873686164915,0.05809032869579538,0.7620497262153618
/media/jahaziel/Datos/proyectos/Smarketing/dataset/YouTubeVideos/Ding_Doesn't_Know_Chinese?/frames/second68_frame2061.jpg,0.04554878449391302,0.03523736424172263,0.051253617278390326,0.046832780445367046,0.05817311958133827,0.7629543339592687
/media/jahaziel/Datos/proyectos/Smarketing/dataset/YouTubeVideos/Ding_Doesn't_Know_Chinese?/frames/second68_frame2069.jpg,0.04547800176215439,0.0351311441470499,0.051411185118551216,0.04699326719707645,0.05816989888234094,0.7628165028928271
/media/jahaziel/Datos/proyectos/Smarketing/dataset/YouTubeVideos/Ding_Doesn't_Know_Chinese?/frames/second69_frame2077.jpg,0.04684474235683776,0.03641054103068429,0.052935346633480214,0.04815881712032297,0.060295551311973575,0.7553550015467013
/media/jahaziel/Datos/proyectos/Smarketing/dataset/YouTubeVideos/Ding_Doesn't_Know_Chinese?/frames/second69_frame2084.jpg,0.045255135381092826,0.03519619609091504,0.05119288968184681,0.046571926038883146,0.0582889546495209,0.7634948981577412
/media/jahaziel/Datos/proyectos/Smarketing/dataset/YouTubeVideos/Ding_Doesn't_Know_Chinese?/frames/second69_frame2091.jpg,0.04285274601619197,0.03356219690915753,0.04874043362211773,0.04413490022642007,0.055792389287924425,0.7749173339381883
/media/jahaziel/Datos/proyectos/Smarketing/dataset/YouTubeVideos/Ding_Doesn't_Know_Chinese?/frames/second69_frame2099.jpg,0.040266967436910966,0.031678007305375885,0.045993718805122874,0.04153335925995704,0.052789587435259626,0.7877383597573735
/media/jahaziel/Datos/proyectos/Smarketing/dataset/YouTubeVideos/Ding_Doesn't_Know_Chinese?/frames/second73_frame2204.jpg,2.25663722362968e-309,1.606336307487253e-309,2.429058841708785e-309,2.37163832346898e-309,2.41586727970297e-309,1.0
/media/jahaziel/Datos/proyectos/Smarketing/dataset/YouTubeVideos/Ding_Doesn't_Know_Chinese?/frames/second73_frame2211.jpg,0.013639935317056729,0.009728996323681797,0.014740030577775658,0.014347434716940317,0.01486945000241352,0.932674153062132
/media/jahaziel/Datos/proyectos/Smarketing/dataset/YouTubeVideos/Ding_Doesn't_Know_Chinese?/frames/second73_frame2219.jpg,2.31933959313241e-309,1.62364921643161e-309,2.449946321230226e-309,2.41267648771688e-309,2.436590671481862e-309,1.0
/media/jahaziel/Datos/proyectos/Smarketing/dataset/YouTubeVideos/Ding_Doesn't_Know_Chinese?/frames/second74_frame2227.jpg,2.30678465755333e-309,1.624551667524625e-309,2.451373169644416e-309,2.40486790320121e-309,2.468498435923815e-309,1.0
/media/jahaziel/Datos/proyectos/Smarketing/dataset/YouTubeVideos/Ding_Doesn't_Know_Chinese?/frames/second74_frame2234.jpg,2.297888369389324e-309,1.617471030710943e-309,2.436928240924987e-309,2.393293625751495e-309,2.438805140047746e-309,1.0
/media/jahaziel/Datos/proyectos/Smarketing/dataset/YouTubeVideos/Ding_Doesn't_Know_Chinese?/frames/second74_frame2241.jpg,2.281990049977804e-309,1.613140670969393e-309,2.43904789880497e-309,2.389981291586524e-309,2.434419878484386e-309,1.0
/media/jahaziel/Datos/proyectos/Smarketing/dataset/YouTubeVideos/Ding_Doesn't_Know_Chinese?/frames/second74_frame2249.jpg,2.30753861881092e-309,1.620834643168415e-309,2.452178637602653e-309,2.41101580982911e-309,2.440221189584555e-309,1.0
/media/jahaziel/Datos/proyectos/Smarketing/dataset/YouTubeVideos/Ding_Doesn't_Know_Chinese?/frames/second75_frame2257.jpg,2.21737124911453e-309,1.584709602281803e-309,2.412880082108233e-309,2.35736830959712e-309,2.34690651383798e-309,1.0
/media/jahaziel/Datos/proyectos/Smarketing/dataset/YouTubeVideos/Ding_Doesn't_Know_Chinese?/frames/second75_frame2264.jpg,2.226140771602104e-309,1.58955936610073e-309,2.40551721202291e-309,2.350575887992304e-309,2.34539522598194e-309,1.0
/media/jahaziel/Datos/proyectos/Smarketing/dataset/YouTubeVideos/Ding_Doesn't_Know_Chinese?/frames/second75_frame2271.jpg,2.22437267330515e-309,1.591241002492506e-309,2.42562946537999e-309,2.367149246840587e-309,2.3774732556499e-309,1.0
/media/jahaziel/Datos/proyectos/Smarketing/dataset/YouTubeVideos/Ding_Doesn't_Know_Chinese?/frames/second75_frame2279.jpg,2.233024838275673e-309,1.591150902598053e-309,2.41225482105792e-309,2.359283139503364e-309,2.365918634565447e-309,1.0
/media/jahaziel/Datos/proyectos/Smarketing/dataset/YouTubeVideos/Ding_Doesn't_Know_Chinese?/frames/second76_frame2287.jpg,2.29333435432745e-309,1.618787378088877e-309,2.43366372751676e-309,2.3866153397077e-309,2.410440810139346e-309,1.0
/media/jahaziel/Datos/proyectos/Smarketing/dataset/YouTubeVideos/Ding_Doesn't_Know_Chinese?/frames/second76_frame2294.jpg,2.295449788617777e-309,1.61498978693699e-309,2.43073247501797e-309,2.389764724956525e-309,2.400822791144957e-309,1.0
/media/jahaziel/Datos/proyectos/Smarketing/dataset/YouTubeVideos/Ding_Doesn't_Know_Chinese?/frames/second76_frame2301.jpg,2.225817651806354e-309,1.59898159094589e-309,2.44626168839035e-309,2.378570743086694e-309,2.376507748067557e-309,1.0
/media/jahaziel/Datos/proyectos/Smarketing/dataset/YouTubeVideos/Ding_Doesn't_Know_Chinese?/frames/second76_frame2309.jpg,2.278336458891117e-309,1.612939749476956e-309,2.42859238224057e-309,2.37934622228757e-309,2.39058687310411e-309,1.0
/media/jahaziel/Datos/proyectos/Smarketing/dataset/YouTubeVideos/Ding_Doesn't_Know_Chinese?/frames/second77_frame2324.jpg,2.208461812232037e-309,1.588478659475696e-309,2.39815579998386e-309,2.33747311812839e-309,2.3361117263037e-309,1.0
/media/jahaziel/Datos/proyectos/Smarketing/dataset/YouTubeVideos/Ding_Doesn't_Know_Chinese?/frames/second77_frame2331.jpg,2.18790991475684e-309,1.585104608713746e-309,2.383083444565734e-309,2.314555920147343e-309,2.32070028483344e-309,1.0
/media/jahaziel/Datos/proyectos/Smarketing/dataset/YouTubeVideos/Ding_Doesn't_Know_Chinese?/frames/second77_frame2339.jpg,0.007771955832607628,0.005645149709230276,0.008435682611070623,0.008170704541823977,0.008268189414611769,0.9617083178906558
/media/jahaziel/Datos/proyectos/Smarketing/dataset/YouTubeVideos/Ding_Doesn't_Know_Chinese?/frames/second78_frame2347.jpg,2.27164928988718e-309,1.629300170038007e-309,2.411908001795326e-309,2.34063154020339e-309,2.41913809689029e-309,1.0
/media/jahaziel/Datos/proyectos/Smarketing/dataset/YouTubeVideos/Ding_Doesn't_Know_Chinese?/frames/second78_frame2354.jpg,2.291366457696915e-309,1.62978615323835e-309,2.42061352237553e-309,2.36027884746939e-309,2.415194841611803e-309,1.0
/media/jahaziel/Datos/proyectos/Smarketing/dataset/YouTubeVideos/Ding_Doesn't_Know_Chinese?/frames/second78_frame2361.jpg,2.255483675676485e-309,1.612356634332987e-309,2.4077539285448e-309,2.346835335054045e-309,2.3751933754888e-309,1.0
/media/jahaziel/Datos/proyectos/Smarketing/dataset/YouTubeVideos/Ding_Doesn't_Know_Chinese?/frames/second78_frame2369.jpg,2.287116921200614e-309,1.631503910974783e-309,2.424193164373643e-309,2.358382240789973e-309,2.428181899580386e-309,1.0
/media/jahaziel/Datos/proyectos/Smarketing/dataset/YouTubeVideos/Ding_Doesn't_Know_Chinese?/frames/second79_frame2377.jpg,0.013339280140558085,0.009597360865504553,0.014298160403994325,0.013924299876228898,0.0140200966015422,0.934820802112172
/media/jahaziel/Datos/proyectos/Smarketing/dataset/YouTubeVideos/Ding_Doesn't_Know_Chinese?/frames/second79_frame2384.jpg,0.007946343046077461,0.005687505162767602,0.008363829646151283,0.008126149398592032,0.008370847079104713,0.961505325667307
/media/jahaziel/Datos/proyectos/Smarketing/dataset/YouTubeVideos/Ding_Doesn't_Know_Chinese?/frames/second79_frame2391.jpg,2.292757030603135e-309,1.631835755687164e-309,2.413690532039123e-309,2.35298213999779e-309,2.40487454102523e-309,1.0
/media/jahaziel/Datos/proyectos/Smarketing/dataset/YouTubeVideos/Ding_Doesn't_Know_Chinese?/frames/second79_frame2399.jpg,0.005504248475535292,0.0039329774648778765,0.005799242693383161,0.005635862729231001,0.005809574826539178,0.9733180938104334
/media/jahaziel/Datos/proyectos/Smarketing/dataset/YouTubeVideos/Ding_Doesn't_Know_Chinese?/frames/second7_frame217.jpg,2.087092273821964e-309,1.91096536727691e-309,1.0,7.71984447704017e-309,2.395409993322866e-309,2.4548575106329e-309
/media/jahaziel/Datos/proyectos/Smarketing/dataset/YouTubeVideos/Ding_Doesn't_Know_Chinese?/frames/second7_frame224.jpg,2.0831395724145e-309,1.893094740728552e-309,1.0,7.85027320023317e-309,2.38266302338181e-309,2.450958390219507e-309
/media/jahaziel/Datos/proyectos/Smarketing/dataset/YouTubeVideos/Ding_Doesn't_Know_Chinese?/frames/second7_frame231.jpg,2.09060314606437e-309,1.911474920425083e-309,1.0,7.75157204685934e-309,2.39447117479214e-309,2.464369125868827e-309
/media/jahaziel/Datos/proyectos/Smarketing/dataset/YouTubeVideos/Ding_Doesn't_Know_Chinese?/frames/second7_frame239.jpg,2.07965845666105e-309,1.890224631522253e-309,1.0,7.840712540463874e-309,2.377122781440367e-309,2.460858755142617e-309
/media/jahaziel/Datos/proyectos/Smarketing/dataset/YouTubeVideos/Ding_Doesn't_Know_Chinese?/frames/second80_frame2414.jpg,0.04288124380133426,0.03608464039389423,0.05048997402882019,0.044903851693301834,0.05900901266621859,0.7666312774164309
/media/jahaziel/Datos/proyectos/Smarketing/dataset/YouTubeVideos/Ding_Doesn't_Know_Chinese?/frames/second80_frame2421.jpg,0.0329875032631903,0.027736637314288673,0.038692034663837284,0.03437687422408452,0.045668265182036434,0.8205386853525627
/media/jahaziel/Datos/proyectos/Smarketing/dataset/YouTubeVideos/Ding_Doesn't_Know_Chinese?/frames/second80_frame2429.jpg,0.0336786752563355,0.028282918405181767,0.039385742198244006,0.035060608163345254,0.04637623963493584,0.8172158163419576
/media/jahaziel/Datos/proyectos/Smarketing/dataset/YouTubeVideos/Ding_Doesn't_Know_Chinese?/frames/second81_frame2437.jpg,0.047205588507386376,0.03960867726943365,0.05591160103139019,0.05002535901941186,0.06416328119086065,0.6809645056261544
/media/jahaziel/Datos/proyectos/Smarketing/dataset/YouTubeVideos/Ding_Doesn't_Know_Chinese?/frames/second81_frame2444.jpg,0.04415135828098961,0.037075302028775056,0.052199018460425795,0.04672613402208291,0.05998211012172355,0.6698032258375339
/media/jahaziel/Datos/proyectos/Smarketing/dataset/YouTubeVideos/Ding_Doesn't_Know_Chinese?/frames/second81_frame2451.jpg,0.045871660166647475,0.03843183762488531,0.05419516617448187,0.0485104058937211,0.06232649094658169,0.6980968298806556
/media/jahaziel/Datos/proyectos/Smarketing/dataset/YouTubeVideos/Ding_Doesn't_Know_Chinese?/frames/second81_frame2459.jpg,0.046639148179094446,0.039126377689074794,0.055123281048863215,0.04934883003956191,0.06334314761564712,0.6850156726460269
/media/jahaziel/Datos/proyectos/Smarketing/dataset/YouTubeVideos/Ding_Doesn't_Know_Chinese?/frames/second82_frame2467.jpg,2.103146472170034e-309,1.714641346600443e-309,2.43206744365333e-309,2.18038556612092e-309,2.809681522960004e-309,1.0
/media/jahaziel/Datos/proyectos/Smarketing/dataset/YouTubeVideos/Ding_Doesn't_Know_Chinese?/frames/second82_frame2474.jpg,2.10832840353198e-309,1.69835176732103e-309,2.414530564710414e-309,2.180065967260644e-309,2.74318908092268e-309,1.0
/media/jahaziel/Datos/proyectos/Smarketing/dataset/YouTubeVideos/Ding_Doesn't_Know_Chinese?/frames/second82_frame2481.jpg,2.109170994074025e-309,1.712413996859976e-309,2.423102971888152e-309,2.178125423133763e-309,2.80512389922379e-309,1.0
/media/jahaziel/Datos/proyectos/Smarketing/dataset/YouTubeVideos/Ding_Doesn't_Know_Chinese?/frames/second82_frame2489.jpg,2.116928004232386e-309,1.717830716818925e-309,2.435587147134065e-309,2.18677549593675e-309,2.815335567641885e-309,1.0
/media/jahaziel/Datos/proyectos/Smarketing/dataset/YouTubeVideos/Ding_Doesn't_Know_Chinese?/frames/second83_frame2497.jpg,2.092625467458235e-309,1.710015840482373e-309,2.435298433410664e-309,2.178606620400515e-309,2.775005922592197e-309,1.0
/media/jahaziel/Datos/proyectos/Smarketing/dataset/YouTubeVideos/Ding_Doesn't_Know_Chinese?/frames/second83_frame2504.jpg,2.09836723568859e-309,1.759040179328534e-309,2.483590666476525e-309,2.18117267069357e-309,3.0203153349297e-309,1.0
/media/jahaziel/Datos/proyectos/Smarketing/dataset/YouTubeVideos/Ding_Doesn't_Know_Chinese?/frames/second83_frame2511.jpg,2.114331873234387e-309,1.7310909246442e-309,2.48873538476557e-309,2.21395584749937e-309,2.847803668174384e-309,1.0
/media/jahaziel/Datos/proyectos/Smarketing/dataset/YouTubeVideos/Ding_Doesn't_Know_Chinese?/frames/second83_frame2519.jpg,2.09917258725535e-309,1.717620768760736e-309,2.455511610803434e-309,2.19168627616366e-309,2.79711146132452e-309,1.0
/media/jahaziel/Datos/proyectos/Smarketing/dataset/YouTubeVideos/Ding_Doesn't_Know_Chinese?/frames/second84_frame2534.jpg,2.065532494644637e-309,1.702776794553194e-309,2.42597615726581e-309,2.160476632286853e-309,2.757142749697993e-309,1.0
/media/jahaziel/Datos/proyectos/Smarketing/dataset/YouTubeVideos/Ding_Doesn't_Know_Chinese?/frames/second84_frame2541.jpg,2.050546153783053e-309,1.70673300219523e-309,2.41116465303202e-309,2.13768978361599e-309,2.78817093684456e-309,1.0
/media/jahaziel/Datos/proyectos/Smarketing/dataset/YouTubeVideos/Ding_Doesn't_Know_Chinese?/frames/second84_frame2549.jpg,2.065381826344004e-309,1.70830947857647e-309,2.426570294737945e-309,2.156644269874463e-309,2.77793539281474e-309,1.0
/media/jahaziel/Datos/proyectos/Smarketing/dataset/YouTubeVideos/Ding_Doesn't_Know_Chinese?/frames/second85_frame2557.jpg,2.06292258765386e-309,1.731375093509177e-309,2.41301338277287e-309,2.130236414454644e-309,2.918955114404073e-309,1.0
/media/jahaziel/Datos/proyectos/Smarketing/dataset/YouTubeVideos/Ding_Doesn't_Know_Chinese?/frames/second85_frame2564.jpg,2.05321229990837e-309,1.72797983580766e-309,2.40916792011111e-309,2.124612493809153e-309,2.908384994454214e-309,1.0
/media/jahaziel/Datos/proyectos/Smarketing/dataset/YouTubeVideos/Ding_Doesn't_Know_Chinese?/frames/second85_frame2571.jpg,2.058948469508604e-309,1.723192100489483e-309,2.395663005847516e-309,2.12280197727562e-309,2.88828986002414e-309,1.0
/media/jahaziel/Datos/proyectos/Smarketing/dataset/YouTubeVideos/Ding_Doesn't_Know_Chinese?/frames/second85_frame2579.jpg,2.061810259010886e-309,1.7246879717686e-309,2.39682000405611e-309,2.12406218917997e-309,2.880256808812437e-309,1.0
/media/jahaziel/Datos/proyectos/Smarketing/dataset/YouTubeVideos/Ding_Doesn't_Know_Chinese?/frames/second86_frame2587.jpg,2.05962239387195e-309,1.730308181491887e-309,2.42735137909382e-309,2.137504567633465e-309,2.876149056920576e-309,1.0
/media/jahaziel/Datos/proyectos/Smarketing/dataset/YouTubeVideos/Ding_Doesn't_Know_Chinese?/frames/second86_frame2594.jpg,2.03508628681819e-309,1.70806578447326e-309,2.414728803364467e-309,2.12946029699673e-309,2.791540063061606e-309,1.0
/media/jahaziel/Datos/proyectos/Smarketing/dataset/YouTubeVideos/Ding_Doesn't_Know_Chinese?/frames/second86_frame2601.jpg,0.005494698219540903,0.004619017006365133,0.006507124185357586,0.005709437653018862,0.007980413669966388,0.9696893092657511
/media/jahaziel/Datos/proyectos/Smarketing/dataset/YouTubeVideos/Ding_Doesn't_Know_Chinese?/frames/second86_frame2609.jpg,2.106196124752725e-309,1.768556765267616e-309,2.49844386678841e-309,2.19024085888483e-309,3.05798924720303e-309,1.0
/media/jahaziel/Datos/proyectos/Smarketing/dataset/YouTubeVideos/Ding_Doesn't_Know_Chinese?/frames/second87_frame2617.jpg,2.086140564102865e-309,1.728098297776784e-309,2.406288833916186e-309,2.14427728713995e-309,2.880523665918884e-309,1.0
/media/jahaziel/Datos/proyectos/Smarketing/dataset/YouTubeVideos/Ding_Doesn't_Know_Chinese?/frames/second87_frame2624.jpg,2.083319813674143e-309,1.72270868395519e-309,2.38834199749913e-309,2.135006416809875e-309,2.859474770833386e-309,1.0
/media/jahaziel/Datos/proyectos/Smarketing/dataset/YouTubeVideos/Ding_Doesn't_Know_Chinese?/frames/second87_frame2631.jpg,2.088062305236816e-309,1.726187606841596e-309,2.39307399054632e-309,2.137492378731253e-309,2.872170337377023e-309,1.0
/media/jahaziel/Datos/proyectos/Smarketing/dataset/YouTubeVideos/Ding_Doesn't_Know_Chinese?/frames/second87_frame2639.jpg,2.06924587250728e-309,1.711875849170327e-309,2.370264199394543e-309,2.12057818854311e-309,2.8170250371437e-309,1.0
/media/jahaziel/Datos/proyectos/Smarketing/dataset/YouTubeVideos/Ding_Doesn't_Know_Chinese?/frames/second88_frame2654.jpg,2.081921637031685e-309,1.74932919204974e-309,2.45282284119259e-309,2.15500287180345e-309,2.9470813323697e-309,1.0
/media/jahaziel/Datos/proyectos/Smarketing/dataset/YouTubeVideos/Ding_Doesn't_Know_Chinese?/frames/second88_frame2661.jpg,2.076812421007757e-309,1.743925660362813e-309,2.44107741490035e-309,2.149947102275247e-309,2.961417419721267e-309,1.0
/media/jahaziel/Datos/proyectos/Smarketing/dataset/YouTubeVideos/Ding_Doesn't_Know_Chinese?/frames/second88_frame2669.jpg,2.086704768742804e-309,1.748340593364425e-309,2.455456488299284e-309,2.160558088772107e-309,2.95375617696773e-309,1.0
/media/jahaziel/Datos/proyectos/Smarketing/dataset/YouTubeVideos/Ding_Doesn't_Know_Chinese?/frames/second89_frame2677.jpg,2.089007677511785e-309,1.739631825849343e-309,2.41782949722541e-309,2.1452448774761e-309,2.926679710124883e-309,1.0
/media/jahaziel/Datos/proyectos/Smarketing/dataset/YouTubeVideos/Ding_Doesn't_Know_Chinese?/frames/second89_frame2684.jpg,2.077603473673865e-309,1.743745207042165e-309,2.42886911373269e-309,2.14103409883785e-309,2.9288691616873e-309,1.0
/media/jahaziel/Datos/proyectos/Smarketing/dataset/YouTubeVideos/Ding_Doesn't_Know_Chinese?/frames/second89_frame2691.jpg,2.09714340888338e-309,1.74032117690616e-309,2.450465389900526e-309,2.169115847965426e-309,2.89043764871529e-309,1.0
/media/jahaziel/Datos/proyectos/Smarketing/dataset/YouTubeVideos/Ding_Doesn't_Know_Chinese?/frames/second89_frame2699.jpg,2.108878546719923e-309,1.74575450645327e-309,2.47025624402406e-309,2.18504454705708e-309,2.897458098458254e-309,1.0
/media/jahaziel/Datos/proyectos/Smarketing/dataset/YouTubeVideos/Ding_Doesn't_Know_Chinese?/frames/second8_frame247.jpg,2.08547744553486e-309,1.88960043776429e-309,1.0,7.951017619990504e-309,2.385678380070807e-309,2.452627268082083e-309
/media/jahaziel/Datos/proyectos/Smarketing/dataset/YouTubeVideos/Ding_Doesn't_Know_Chinese?/frames/second8_frame254.jpg,2.084693421223777e-309,1.86947625145073e-309,1.0,8.05331689151071e-309,2.38194474520869e-309,2.473482068139477e-309
/media/jahaziel/Datos/proyectos/Smarketing/dataset/YouTubeVideos/Ding_Doesn't_Know_Chinese?/frames/second8_frame261.jpg,2.103709264172e-309,1.902985108020835e-309,1.0,8.102424214960344e-309,2.416338392755527e-309,2.44043864424494e-309
/media/jahaziel/Datos/proyectos/Smarketing/dataset/YouTubeVideos/Ding_Doesn't_Know_Chinese?/frames/second8_frame269.jpg,2.10143323531027e-309,1.878364322837833e-309,1.0,8.077470717140434e-309,2.409595029600243e-309,2.498374087548735e-309
/media/jahaziel/Datos/proyectos/Smarketing/dataset/YouTubeVideos/Ding_Doesn't_Know_Chinese?/frames/second90_frame2707.jpg,0.008479661872566588,0.00724365953141978,0.009916890586986868,0.008890991496045837,0.011532761760137834,0.9539360347528432
/media/jahaziel/Datos/proyectos/Smarketing/dataset/YouTubeVideos/Ding_Doesn't_Know_Chinese?/frames/second90_frame2714.jpg,0.014297307383359808,0.012204722833886591,0.016801490730088037,0.015036551996637103,0.01945163736583825,0.9222082896901902
/media/jahaziel/Datos/proyectos/Smarketing/dataset/YouTubeVideos/Ding_Doesn't_Know_Chinese?/frames/second90_frame2721.jpg,2.0121287493084e-309,1.724175692209106e-309,2.35195050127103e-309,2.10859716566731e-309,2.721974394109123e-309,1.0
/media/jahaziel/Datos/proyectos/Smarketing/dataset/YouTubeVideos/Ding_Doesn't_Know_Chinese?/frames/second90_frame2729.jpg,0.007138469373561793,0.006102620459137778,0.008348956522960999,0.007481763402865169,0.009678630557631192,0.9612495596838432
/media/jahaziel/Datos/proyectos/Smarketing/dataset/YouTubeVideos/Ding_Doesn't_Know_Chinese?/frames/second91_frame2744.jpg,0.03576899361720352,0.030265429725189665,0.04241251962289715,0.037887158789970475,0.048896646262614224,0.6810876952872543
/media/jahaziel/Datos/proyectos/Smarketing/dataset/YouTubeVideos/Ding_Doesn't_Know_Chinese?/frames/second91_frame2751.jpg,0.031103171552221424,0.02636612049933467,0.036817909615637474,0.03291048561234915,0.04247977845398067,0.6859887328725153
/media/jahaziel/Datos/proyectos/Smarketing/dataset/YouTubeVideos/Ding_Doesn't_Know_Chinese?/frames/second91_frame2759.jpg,0.033836508619135175,0.028673562421427694,0.04008435588646408,0.03581011431084435,0.04627250593874668,0.7009351801750519
/media/jahaziel/Datos/proyectos/Smarketing/dataset/YouTubeVideos/Ding_Doesn't_Know_Chinese?/frames/second92_frame2767.jpg,2.010901888581673e-309,1.725620954579954e-309,2.35442726960553e-309,2.10999424430736e-309,2.71349672878628e-309,1.0
/media/jahaziel/Datos/proyectos/Smarketing/dataset/YouTubeVideos/Ding_Doesn't_Know_Chinese?/frames/second92_frame2774.jpg,1.998410566638175e-309,1.72866961513846e-309,2.341876461341947e-309,2.09847857618417e-309,2.679189337515135e-309,1.0
/media/jahaziel/Datos/proyectos/Smarketing/dataset/YouTubeVideos/Ding_Doesn't_Know_Chinese?/frames/second92_frame2781.jpg,1.99971922486227e-309,1.728067575321854e-309,2.34252206401168e-309,2.0984927388315e-309,2.68800122941556e-309,1.0
/media/jahaziel/Datos/proyectos/Smarketing/dataset/YouTubeVideos/Ding_Doesn't_Know_Chinese?/frames/second92_frame2789.jpg,2.00142678319984e-309,1.728593448768877e-309,2.342769061526613e-309,2.098606199421535e-309,2.69602482996208e-309,1.0
/media/jahaziel/Datos/proyectos/Smarketing/dataset/YouTubeVideos/Ding_Doesn't_Know_Chinese?/frames/second93_frame2797.jpg,1.99710501422706e-309,1.72794092557349e-309,2.33762960841467e-309,2.09805269123886e-309,2.671821174960577e-309,1.0
/media/jahaziel/Datos/proyectos/Smarketing/dataset/YouTubeVideos/Ding_Doesn't_Know_Chinese?/frames/second93_frame2804.jpg,2.006347761827454e-309,1.73947904081184e-309,2.322628177185783e-309,2.085366766478714e-309,2.76075060658247e-309,1.0
/media/jahaziel/Datos/proyectos/Smarketing/dataset/YouTubeVideos/Ding_Doesn't_Know_Chinese?/frames/second93_frame2811.jpg,1.995130822139564e-309,1.715732896960233e-309,2.33623686140675e-309,2.109595704334204e-309,2.62568973678002e-309,1.0
/media/jahaziel/Datos/proyectos/Smarketing/dataset/YouTubeVideos/Ding_Doesn't_Know_Chinese?/frames/second93_frame2819.jpg,1.99459069080033e-309,1.722591978176286e-309,2.335859356974745e-309,2.10354104970571e-309,2.639826205549023e-309,1.0
/media/jahaziel/Datos/proyectos/Smarketing/dataset/YouTubeVideos/Ding_Doesn't_Know_Chinese?/frames/second94_frame2827.jpg,1.99575370739795e-309,1.73388483966904e-309,2.335726376370067e-309,2.098107618746636e-309,2.64811545686907e-309,1.0
/media/jahaziel/Datos/proyectos/Smarketing/dataset/YouTubeVideos/Ding_Doesn't_Know_Chinese?/frames/second94_frame2834.jpg,1.993370093267174e-309,1.73343031419538e-309,2.32900720975203e-309,2.09178385663136e-309,2.65959055960904e-309,1.0
/media/jahaziel/Datos/proyectos/Smarketing/dataset/YouTubeVideos/Ding_Doesn't_Know_Chinese?/frames/second94_frame2841.jpg,1.989538459963327e-309,1.729913468107987e-309,2.323309269764865e-309,2.0874722748653e-309,2.65664226917543e-309,1.0
/media/jahaziel/Datos/proyectos/Smarketing/dataset/YouTubeVideos/Ding_Doesn't_Know_Chinese?/frames/second94_frame2849.jpg,1.978618177184493e-309,1.73168115581077e-309,2.304917612053846e-309,2.06824733014951e-309,2.65868050977791e-309,1.0
/media/jahaziel/Datos/proyectos/Smarketing/dataset/YouTubeVideos/Ding_Doesn't_Know_Chinese?/frames/second95_frame2864.jpg,1.963155184805065e-309,1.74816646638407e-309,2.258221174707293e-309,2.01954357521702e-309,2.72610915518466e-309,1.0
/media/jahaziel/Datos/proyectos/Smarketing/dataset/YouTubeVideos/Ding_Doesn't_Know_Chinese?/frames/second95_frame2871.jpg,1.95984737638173e-309,1.735497703948504e-309,2.26609187329137e-309,2.03062130919329e-309,2.67664756901055e-309,1.0
/media/jahaziel/Datos/proyectos/Smarketing/dataset/YouTubeVideos/Ding_Doesn't_Know_Chinese?/frames/second95_frame2879.jpg,1.96286026225625e-309,1.73909943929592e-309,2.25849016608527e-309,2.025725555280553e-309,2.697327997518523e-309,1.0
/media/jahaziel/Datos/proyectos/Smarketing/dataset/YouTubeVideos/Ding_Doesn't_Know_Chinese?/frames/second96_frame2887.jpg,1.956360734055597e-309,1.735481031926425e-309,2.25211147184547e-309,2.020605847548527e-309,2.680451231726753e-309,1.0
/media/jahaziel/Datos/proyectos/Smarketing/dataset/YouTubeVideos/Ding_Doesn't_Know_Chinese?/frames/second96_frame2894.jpg,1.97261283705756e-309,1.734184627032846e-309,2.278094899581144e-309,2.047176454432925e-309,2.69971689480762e-309,1.0
/media/jahaziel/Datos/proyectos/Smarketing/dataset/YouTubeVideos/Ding_Doesn't_Know_Chinese?/frames/second96_frame2901.jpg,1.98378773024825e-309,1.754953439830703e-309,2.283706335776716e-309,2.04105804806405e-309,2.774896699446744e-309,1.0
/media/jahaziel/Datos/proyectos/Smarketing/dataset/YouTubeVideos/Ding_Doesn't_Know_Chinese?/frames/second96_frame2909.jpg,1.98080348196403e-309,1.74617934344643e-309,2.282079211462033e-309,2.04444698328412e-309,2.74393288189234e-309,1.0
/media/jahaziel/Datos/proyectos/Smarketing/dataset/YouTubeVideos/Ding_Doesn't_Know_Chinese?/frames/second97_frame2917.jpg,1.96945483692563e-309,1.738752561939055e-309,2.27683000374522e-309,2.038825077690614e-309,2.67227320581632e-309,1.0
/media/jahaziel/Datos/proyectos/Smarketing/dataset/YouTubeVideos/Ding_Doesn't_Know_Chinese?/frames/second97_frame2924.jpg,1.956948153270093e-309,1.737260535482603e-309,2.25551563662539e-309,2.01845780934966e-309,2.66846050289062e-309,1.0
/media/jahaziel/Datos/proyectos/Smarketing/dataset/YouTubeVideos/Ding_Doesn't_Know_Chinese?/frames/second97_frame2931.jpg,1.946696013200835e-309,1.735322941013843e-309,2.23880005577146e-309,2.003478266625297e-309,2.656064632963256e-309,1.0
/media/jahaziel/Datos/proyectos/Smarketing/dataset/YouTubeVideos/Ding_Doesn't_Know_Chinese?/frames/second97_frame2939.jpg,1.935955856717347e-309,1.73883060096608e-309,2.22074611047201e-309,1.98330110397504e-309,2.6845111341448e-309,1.0
/media/jahaziel/Datos/proyectos/Smarketing/dataset/YouTubeVideos/Ding_Doesn't_Know_Chinese?/frames/second98_frame2947.jpg,1.93664547139367e-309,1.738284432531834e-309,2.22840066679421e-309,1.99108225456135e-309,2.679845216081573e-309,1.0
/media/jahaziel/Datos/proyectos/Smarketing/dataset/YouTubeVideos/Ding_Doesn't_Know_Chinese?/frames/second98_frame2954.jpg,1.94524318380539e-309,1.746968854235654e-309,2.232520225858384e-309,1.993695661206277e-309,2.71031791038888e-309,1.0
/media/jahaziel/Datos/proyectos/Smarketing/dataset/YouTubeVideos/Ding_Doesn't_Know_Chinese?/frames/second98_frame2961.jpg,1.94816975367663e-309,1.74416871312828e-309,2.236800669747705e-309,1.99894871758032e-309,2.704105110411804e-309,1.0
/media/jahaziel/Datos/proyectos/Smarketing/dataset/YouTubeVideos/Ding_Doesn't_Know_Chinese?/frames/second98_frame2969.jpg,0.00559619537750473,0.005006117159698515,0.0064377368289280186,0.005761735915571493,0.007808029439975746,0.9693901852783215
/media/jahaziel/Datos/proyectos/Smarketing/dataset/YouTubeVideos/Ding_Doesn't_Know_Chinese?/frames/second99_frame2977.jpg,0.005917790516273791,0.005314348266979857,0.006765055424473472,0.0060529533515776114,0.00821571098664777,0.9677341414540476
/media/jahaziel/Datos/proyectos/Smarketing/dataset/YouTubeVideos/Ding_Doesn't_Know_Chinese?/frames/second99_frame2984.jpg,1.944819162679466e-309,1.740111100346113e-309,2.232422378011404e-309,1.997238934207616e-309,2.70983678771465e-309,1.0
/media/jahaziel/Datos/proyectos/Smarketing/dataset/YouTubeVideos/Ding_Doesn't_Know_Chinese?/frames/second99_frame2991.jpg,0.003132406557172544,0.002799680770159302,0.003592013363225389,0.0032179891715960252,0.004344014117835906,0.9829138960200108
/media/jahaziel/Datos/proyectos/Smarketing/dataset/YouTubeVideos/Ding_Doesn't_Know_Chinese?/frames/second99_frame2999.jpg,1.94620536923826e-309,1.73874437957126e-309,2.2332780723145e-309,1.999382722901787e-309,2.7040392767677e-309,1.0
/media/jahaziel/Datos/proyectos/Smarketing/dataset/YouTubeVideos/Ding_Doesn't_Know_Chinese?/frames/second9_frame277.jpg,2.07908965365667e-309,1.864173594381613e-309,1.0,8.13041059590058e-309,2.361710780525636e-309,2.468265647087494e-309
/media/jahaziel/Datos/proyectos/Smarketing/dataset/YouTubeVideos/Ding_Doesn't_Know_Chinese?/frames/second9_frame284.jpg,2.08006522328822e-309,1.867845224019746e-309,1.0,8.04301222442972e-309,2.373898478907726e-309,2.476800355230413e-309
/media/jahaziel/Datos/proyectos/Smarketing/dataset/YouTubeVideos/Ding_Doesn't_Know_Chinese?/frames/second9_frame291.jpg,2.084550360552264e-309,1.868811208300233e-309,1.0,8.08636523891987e-309,2.38038847735483e-309,2.47456228787431e-309
/media/jahaziel/Datos/proyectos/Smarketing/dataset/YouTubeVideos/Ding_Doesn't_Know_Chinese?/frames/second9_frame299.jpg,2.079704368856204e-309,1.85170365190689e-309,1.0,8.1562515833078e-309,2.368265817054367e-309,2.48895594582047e-309
